,DAY365,DATE,CON_MAX,CON_MIN,YEAR,above_pct,PW
0,1,2015-01-01,,,2015,0,0
1,2,2015-01-02,,,2015,0,0
2,3,2015-01-03,,,2015,0,0
3,4,2015-01-04,,,2015,0,0
4,5,2015-01-05,,,2015,0,0
5,6,2015-01-06,,,2015,0,0
6,7,2015-01-07,,,2015,0,0
7,8,2015-01-08,,,2015,0,0
8,9,2015-01-09,,,2015,0,0
9,10,2015-01-10,,,2015,0,0
10,11,2015-01-11,,,2015,0,0
11,12,2015-01-12,,,2015,0,0
12,13,2015-01-13,,,2015,0,0
13,14,2015-01-14,,,2015,0,0
14,15,2015-01-15,,,2015,0,0
15,16,2015-01-16,,,2015,0,0
16,17,2015-01-17,,,2015,0,0
17,18,2015-01-18,,,2015,0,0
18,19,2015-01-19,,,2015,0,0
19,20,2015-01-20,,,2015,0,0
20,21,2015-01-21,,,2015,0,0
21,22,2015-01-22,,,2015,0,0
22,23,2015-01-23,,,2015,0,0
23,24,2015-01-24,,,2015,0,0
24,25,2015-01-25,,,2015,0,0
25,26,2015-01-26,,,2015,0,0
26,27,2015-01-27,,,2015,0,0
27,28,2015-01-28,,,2015,0,0
28,29,2015-01-29,,,2015,0,0
29,30,2015-01-30,,,2015,0,0
30,31,2015-01-31,,,2015,0,0
31,32,2015-02-01,,,2015,0,0
32,33,2015-02-02,,,2015,0,0
33,34,2015-02-03,,,2015,0,0
34,35,2015-02-04,,,2015,0,0
35,36,2015-02-05,,,2015,0,0
36,37,2015-02-06,,,2015,0,0
37,38,2015-02-07,,,2015,0,0
38,39,2015-02-08,,,2015,0,0
39,40,2015-02-09,,,2015,0,0
40,41,2015-02-10,,,2015,0,0
41,42,2015-02-11,,,2015,0,0
42,43,2015-02-12,,,2015,0,0
43,44,2015-02-13,,,2015,0,0
44,45,2015-02-14,,,2015,0,0
45,46,2015-02-15,,,2015,0,0
46,47,2015-02-16,,,2015,0,0
47,48,2015-02-17,,,2015,0,0
48,49,2015-02-18,,,2015,0,0
49,50,2015-02-19,,,2015,0,0
50,51,2015-02-20,,,2015,0,0
51,52,2015-02-21,,,2015,0,0
52,53,2015-02-22,,,2015,0,0
53,54,2015-02-23,,,2015,0,0
54,55,2015-02-24,,,2015,0,0
55,56,2015-02-25,,,2015,0,0
56,57,2015-02-26,,,2015,0,0
57,58,2015-02-27,,,2015,0,0
58,59,2015-02-28,,,2015,0,0
59,60,2015-03-01,,,2015,0,0
60,61,2015-03-02,,,2015,0,0
61,62,2015-03-03,,,2015,0,0
62,63,2015-03-04,,,2015,0,0
63,64,2015-03-05,,,2015,0,0
64,65,2015-03-06,,,2015,0,0
65,66,2015-03-07,,,2015,0,0
66,67,2015-03-08,,,2015,0,0
67,68,2015-03-09,,,2015,0,0
68,69,2015-03-10,,,2015,0,0
69,70,2015-03-11,,,2015,0,0
70,71,2015-03-12,,,2015,0,0
71,72,2015-03-13,,,2015,0,0
72,73,2015-03-14,,,2015,0,0
73,74,2015-03-15,,,2015,0,0
74,75,2015-03-16,,,2015,0,0
75,76,2015-03-17,,,2015,0,0
76,77,2015-03-18,,,2015,0,0
77,78,2015-03-19,,,2015,0,0
78,79,2015-03-20,,,2015,0,0
79,80,2015-03-21,,,2015,0,0
80,81,2015-03-22,,,2015,0,0
81,82,2015-03-23,,,2015,0,0
82,83,2015-03-24,,,2015,0,0
83,84,2015-03-25,,,2015,0,0
84,85,2015-03-26,,,2015,0,0
85,86,2015-03-27,,,2015,0,0
86,87,2015-03-28,,,2015,0,0
87,88,2015-03-29,,,2015,0,0
88,89,2015-03-30,,,2015,0,0
89,90,2015-03-31,,,2015,0,0
90,91,2015-04-01,,,2015,0,0
91,92,2015-04-02,,,2015,0,0
92,93,2015-04-03,,,2015,0,0
93,94,2015-04-04,,,2015,0,0
94,95,2015-04-05,,,2015,0,0
95,96,2015-04-06,,,2015,0,0
96,97,2015-04-07,,,2015,0,0
97,98,2015-04-08,,,2015,0,0
98,99,2015-04-09,,,2015,0,0
99,100,2015-04-10,,,2015,0,0
100,101,2015-04-11,,,2015,0,0
101,102,2015-04-12,,,2015,0,0
102,103,2015-04-13,,,2015,0,0
103,104,2015-04-14,,,2015,0,0
104,105,2015-04-15,,,2015,0,0
105,106,2015-04-16,,,2015,0,0
106,107,2015-04-17,,,2015,0,0
107,108,2015-04-18,,,2015,0,0
108,109,2015-04-19,,,2015,0,0
109,110,2015-04-20,,,2015,0,0
110,111,2015-04-21,,,2015,0,0
111,112,2015-04-22,,,2015,0,0
112,113,2015-04-23,,,2015,0,0
113,114,2015-04-24,,,2015,0,0
114,115,2015-04-25,,,2015,0,0
115,116,2015-04-26,,,2015,0,0
116,117,2015-04-27,,,2015,0,0
117,118,2015-04-28,,,2015,0,0
118,119,2015-04-29,,,2015,0,0
119,120,2015-04-30,,,2015,0,0
120,121,2015-05-01,,,2015,0,0
121,122,2015-05-02,,,2015,0,0
122,123,2015-05-03,,,2015,0,0
123,124,2015-05-04,,,2015,0,0
124,125,2015-05-05,,,2015,0,0
125,126,2015-05-06,,,2015,0,0
126,127,2015-05-07,,,2015,0,0
127,128,2015-05-08,,,2015,0,0
128,129,2015-05-09,,,2015,0,0
129,130,2015-05-10,,,2015,0,0
130,131,2015-05-11,,,2015,0,0
131,132,2015-05-12,,,2015,0,0
132,133,2015-05-13,,,2015,0,0
133,134,2015-05-14,,,2015,0,0
134,135,2015-05-15,,,2015,0,0
135,136,2015-05-16,,,2015,0,0
136,137,2015-05-17,,,2015,0,0
137,138,2015-05-18,,,2015,0,0
138,139,2015-05-19,,,2015,0,0
139,140,2015-05-20,,,2015,0,0
140,141,2015-05-21,,,2015,0,0
141,142,2015-05-22,,,2015,0,0
142,143,2015-05-23,,,2015,0,0
143,144,2015-05-24,,,2015,0,0
144,145,2015-05-25,,,2015,0,0
145,146,2015-05-26,,,2015,0,0
146,147,2015-05-27,,,2015,0,0
147,148,2015-05-28,,,2015,0,0
148,149,2015-05-29,,,2015,0,0
149,150,2015-05-30,,,2015,0,0
150,151,2015-05-31,,,2015,0,0
151,152,2015-06-01,,,2015,0,0
152,153,2015-06-02,,,2015,0,0
153,154,2015-06-03,,,2015,0,0
154,155,2015-06-04,,,2015,0,0
155,156,2015-06-05,,,2015,0,0
156,157,2015-06-06,,,2015,0,0
157,158,2015-06-07,,,2015,0,0
158,159,2015-06-08,,,2015,0,0
159,160,2015-06-09,,,2015,0,0
160,161,2015-06-10,,,2015,0,0
161,162,2015-06-11,,,2015,0,0
162,163,2015-06-12,,,2015,0,0
163,164,2015-06-13,,,2015,0,0
164,165,2015-06-14,,,2015,0,0
165,166,2015-06-15,,,2015,0,0
166,167,2015-06-16,,,2015,0,0
167,168,2015-06-17,,,2015,0,0
168,169,2015-06-18,32.0,11.0,2015,0,0
169,170,2015-06-19,11.0,1.0,2015,0,0
170,171,2015-06-20,20.0,0.0,2015,0,0
171,172,2015-06-21,38.0,1.0,2015,0,0
172,173,2015-06-22,39.0,5.0,2015,0,0
173,174,2015-06-23,45.0,6.0,2015,0,0
174,175,2015-06-24,34.0,1.0,2015,0,0
175,176,2015-06-25,15.0,0.0,2015,0,0
176,177,2015-06-26,19.0,4.0,2015,0,0
177,178,2015-06-27,43.0,2.0,2015,0,0
178,179,2015-06-28,55.0,1.0,2015,1,0
179,180,2015-06-29,34.0,3.0,2015,0,0
180,181,2015-06-30,26.0,5.0,2015,0,0
181,182,2015-07-01,32.0,6.0,2015,0,0
182,183,2015-07-02,46.0,9.0,2015,0,0
183,184,2015-07-03,40.0,3.0,2015,0,0
184,185,2015-07-04,28.0,2.0,2015,0,0
185,186,2015-07-05,12.0,1.0,2015,0,0
186,187,2015-07-06,44.0,2.0,2015,0,0
187,188,2015-07-07,35.0,13.0,2015,0,0
188,189,2015-07-08,27.0,6.0,2015,0,0
189,190,2015-07-09,28.0,4.0,2015,0,0
190,191,2015-07-10,46.0,4.0,2015,0,0
191,192,2015-07-11,28.0,0.0,2015,0,0
192,193,2015-07-12,33.0,6.0,2015,0,0
193,194,2015-07-13,16.0,3.0,2015,0,0
194,195,2015-07-14,68.0,1.0,2015,1,1
195,196,2015-07-15,52.0,5.0,2015,1,1
196,197,2015-07-16,64.0,7.0,2015,1,1
197,198,2015-07-17,60.0,4.0,2015,1,1
198,199,2015-07-18,51.0,4.0,2015,1,1
199,200,2015-07-19,38.0,5.0,2015,0,0
200,201,2015-07-20,37.0,5.0,2015,0,0
201,202,2015-07-21,22.0,5.0,2015,0,0
202,203,2015-07-22,33.0,1.0,2015,0,0
203,204,2015-07-23,33.0,1.0,2015,0,0
204,205,2015-07-24,43.0,7.0,2015,0,0
205,206,2015-07-25,30.0,8.0,2015,0,0
206,207,2015-07-26,45.0,15.0,2015,0,0
207,208,2015-07-27,46.0,9.0,2015,0,0
208,209,2015-07-28,58.0,5.0,2015,1,1
209,210,2015-07-29,71.0,7.0,2015,1,1
210,211,2015-07-30,62.0,19.0,2015,1,1
211,212,2015-07-31,65.0,8.0,2015,1,1
212,213,2015-08-01,49.0,11.0,2015,0,0
213,214,2015-08-02,56.0,6.0,2015,1,1
214,215,2015-08-03,58.0,5.0,2015,1,1
215,216,2015-08-04,107.0,5.0,2015,1,1
216,217,2015-08-05,64.0,9.0,2015,1,1
217,218,2015-08-06,62.0,8.0,2015,1,1
218,219,2015-08-07,60.0,8.0,2015,1,1
219,220,2015-08-08,50.0,9.0,2015,1,1
220,221,2015-08-09,41.0,12.0,2015,0,0
221,222,2015-08-10,67.0,4.0,2015,1,1
222,223,2015-08-11,61.0,4.0,2015,1,1
223,224,2015-08-12,72.0,7.0,2015,1,1
224,225,2015-08-13,61.0,6.0,2015,1,1
225,226,2015-08-14,66.0,3.0,2015,1,1
226,227,2015-08-15,60.0,5.0,2015,1,1
227,228,2015-08-16,39.0,10.0,2015,0,0
228,229,2015-08-17,50.0,3.0,2015,1,0
229,230,2015-08-18,51.0,8.0,2015,1,0
230,231,2015-08-19,30.0,11.0,2015,0,0
231,232,2015-08-20,35.0,5.0,2015,0,0
232,233,2015-08-21,30.0,2.0,2015,0,0
233,234,2015-08-22,65.0,6.0,2015,1,0
234,235,2015-08-23,67.0,13.0,2015,1,0
235,236,2015-08-24,33.0,8.0,2015,0,0
236,237,2015-08-25,24.0,2.0,2015,0,0
237,238,2015-08-26,42.0,6.0,2015,0,0
238,239,2015-08-27,48.0,4.0,2015,0,0
239,240,2015-08-28,28.0,4.0,2015,0,0
240,241,2015-08-29,65.0,4.0,2015,1,0
241,242,2015-08-30,46.0,7.0,2015,0,0
242,243,2015-08-31,64.0,12.0,2015,1,0
243,244,2015-09-01,53.0,4.0,2015,1,0
244,245,2015-09-02,32.0,1.0,2015,0,0
245,246,2015-09-03,49.0,6.0,2015,0,0
246,247,2015-09-04,34.0,12.0,2015,0,0
247,248,2015-09-05,21.0,1.0,2015,0,0
248,249,2015-09-06,39.0,3.0,2015,0,0
249,250,2015-09-07,30.0,9.0,2015,0,0
250,251,2015-09-08,22.0,2.0,2015,0,0
251,252,2015-09-09,37.0,3.0,2015,0,0
252,253,2015-09-10,34.0,5.0,2015,0,0
253,254,2015-09-11,18.0,3.0,2015,0,0
254,255,2015-09-12,24.0,5.0,2015,0,0
255,256,2015-09-13,16.0,0.0,2015,0,0
256,257,2015-09-14,32.0,2.0,2015,0,0
257,258,2015-09-15,30.0,5.0,2015,0,0
258,259,2015-09-16,26.0,11.0,2015,0,0
259,260,2015-09-17,79.0,12.0,2015,1,1
260,261,2015-09-18,61.0,11.0,2015,1,1
261,262,2015-09-19,91.0,7.0,2015,1,1
262,263,2015-09-20,56.0,13.0,2015,1,1
263,264,2015-09-21,51.0,14.0,2015,1,1
264,265,2015-09-22,59.0,13.0,2015,1,1
265,266,2015-09-23,54.0,17.0,2015,1,1
266,267,2015-09-24,96.0,19.0,2015,1,1
267,268,2015-09-25,67.0,12.0,2015,1,1
268,269,2015-09-26,35.0,3.0,2015,0,0
269,270,2015-09-27,44.0,15.0,2015,0,0
270,271,2015-09-28,31.0,4.0,2015,0,0
271,272,2015-09-29,39.0,10.0,2015,0,0
272,273,2015-09-30,38.0,4.0,2015,0,0
273,274,2015-10-01,35.0,5.0,2015,0,0
274,275,2015-10-02,56.0,15.0,2015,1,0
275,276,2015-10-03,58.0,0.0,2015,1,0
276,277,2015-10-04,30.0,4.0,2015,0,0
277,278,2015-10-05,23.0,2.0,2015,0,0
278,279,2015-10-06,42.0,2.0,2015,0,0
279,280,2015-10-07,51.0,8.0,2015,1,0
280,281,2015-10-08,47.0,14.0,2015,0,0
281,282,2015-10-09,51.0,12.0,2015,1,0
282,283,2015-10-10,58.0,0.0,2015,1,0
283,284,2015-10-11,37.0,10.0,2015,0,0
284,285,2015-10-12,46.0,2.0,2015,0,0
285,286,2015-10-13,44.0,3.0,2015,0,0
286,287,2015-10-14,77.0,11.0,2015,1,1
287,288,2015-10-15,65.0,13.0,2015,1,1
288,289,2015-10-16,81.0,16.0,2015,1,1
289,290,2015-10-17,40.0,2.0,2015,0,0
290,291,2015-10-18,16.0,2.0,2015,0,0
291,292,2015-10-19,58.0,2.0,2015,1,0
292,293,2015-10-20,47.0,21.0,2015,0,0
293,294,2015-10-21,49.0,6.0,2015,0,0
294,295,2015-10-22,41.0,1.0,2015,0,0
295,296,2015-10-23,28.0,5.0,2015,0,0
296,297,2015-10-24,29.0,5.0,2015,0,0
297,298,2015-10-25,28.0,0.0,2015,0,0
298,299,2015-10-26,28.0,5.0,2015,0,0
299,300,2015-10-27,27.0,6.0,2015,0,0
300,301,2015-10-28,43.0,3.0,2015,0,0
301,302,2015-10-29,19.0,1.0,2015,0,0
302,303,2015-10-30,34.0,0.0,2015,0,0
303,304,2015-10-31,42.0,3.0,2015,0,0
304,305,2015-11-01,20.0,5.0,2015,0,0
305,306,2015-11-02,41.0,0.0,2015,0,0
306,307,2015-11-03,15.0,0.0,2015,0,0
307,308,2015-11-04,24.0,3.0,2015,0,0
308,309,2015-11-05,26.0,4.0,2015,0,0
309,310,2015-11-06,32.0,2.0,2015,0,0
310,311,2015-11-07,19.0,1.0,2015,0,0
311,312,2015-11-08,21.0,2.0,2015,0,0
312,313,2015-11-09,26.0,6.0,2015,0,0
313,314,2015-11-10,48.0,6.0,2015,0,0
314,315,2015-11-11,41.0,7.0,2015,0,0
315,316,2015-11-12,34.0,6.0,2015,0,0
316,317,2015-11-13,37.0,5.0,2015,0,0
317,318,2015-11-14,54.0,2.0,2015,1,0
318,319,2015-11-15,22.0,3.0,2015,0,0
319,320,2015-11-16,36.0,3.0,2015,0,0
320,321,2015-11-17,29.0,1.0,2015,0,0
321,322,2015-11-18,30.0,4.0,2015,0,0
322,323,2015-11-19,26.0,8.0,2015,0,0
323,324,2015-11-20,20.0,0.0,2015,0,0
324,325,2015-11-21,27.0,0.0,2015,0,0
325,326,2015-11-22,32.0,0.0,2015,0,0
326,327,2015-11-23,39.0,6.0,2015,0,0
327,328,2015-11-24,17.0,2.0,2015,0,0
328,329,2015-11-25,17.0,2.0,2015,0,0
329,330,2015-11-26,25.0,1.0,2015,0,0
330,331,2015-11-27,35.0,1.0,2015,0,0
331,332,2015-11-28,35.0,6.0,2015,0,0
332,333,2015-11-29,27.0,3.0,2015,0,0
333,334,2015-11-30,21.0,3.0,2015,0,0
334,335,2015-12-01,39.0,0.0,2015,0,0
335,336,2015-12-02,38.0,9.0,2015,0,0
336,337,2015-12-03,31.0,1.0,2015,0,0
337,338,2015-12-04,41.0,5.0,2015,0,0
338,339,2015-12-05,38.0,3.0,2015,0,0
339,340,2015-12-06,19.0,4.0,2015,0,0
340,341,2015-12-07,32.0,1.0,2015,0,0
341,342,2015-12-08,38.0,1.0,2015,0,0
342,343,2015-12-09,30.0,7.0,2015,0,0
343,344,2015-12-10,18.0,1.0,2015,0,0
344,345,2015-12-11,26.0,3.0,2015,0,0
345,346,2015-12-12,52.0,12.0,2015,1,0
346,347,2015-12-13,,,2015,0,0
347,348,2015-12-14,28.0,7.0,2015,0,0
348,349,2015-12-15,19.0,4.0,2015,0,0
349,350,2015-12-16,23.0,7.0,2015,0,0
350,351,2015-12-17,26.0,1.0,2015,0,0
351,352,2015-12-18,28.0,5.0,2015,0,0
352,353,2015-12-19,26.0,5.0,2015,0,0
353,354,2015-12-20,18.0,1.0,2015,0,0
354,355,2015-12-21,29.0,0.0,2015,0,0
355,356,2015-12-22,27.0,3.0,2015,0,0
356,357,2015-12-23,31.0,6.0,2015,0,0
357,358,2015-12-24,29.0,4.0,2015,0,0
358,359,2015-12-25,31.0,6.0,2015,0,0
359,360,2015-12-26,28.0,3.0,2015,0,0
360,361,2015-12-27,23.0,0.0,2015,0,0
361,362,2015-12-28,16.0,3.0,2015,0,0
362,363,2015-12-29,9.0,2.0,2015,0,0
363,364,2015-12-30,11.0,2.0,2015,0,0
364,365,2015-12-31,20.0,0.0,2015,0,0
365,1,2016-01-01,54.0,2.0,2016,1,0
366,2,2016-01-02,18.0,0.0,2016,0,0
367,3,2016-01-03,16.0,1.0,2016,0,0
368,4,2016-01-04,24.0,1.0,2016,0,0
369,5,2016-01-05,26.0,1.0,2016,0,0
370,6,2016-01-06,34.0,5.0,2016,0,0
371,7,2016-01-07,37.0,6.0,2016,0,0
372,8,2016-01-08,26.0,6.0,2016,0,0
373,9,2016-01-09,25.0,1.0,2016,0,0
374,10,2016-01-10,14.0,0.0,2016,0,0
375,11,2016-01-11,10.0,1.0,2016,0,0
376,12,2016-01-12,11.0,0.0,2016,0,0
377,13,2016-01-13,22.0,2.0,2016,0,0
378,14,2016-01-14,21.0,1.0,2016,0,0
379,15,2016-01-15,14.0,2.0,2016,0,0
380,16,2016-01-16,22.0,2.0,2016,0,0
381,17,2016-01-17,20.0,3.0,2016,0,0
382,18,2016-01-18,23.0,1.0,2016,0,0
383,19,2016-01-19,20.0,2.0,2016,0,0
384,20,2016-01-20,25.0,0.0,2016,0,0
385,21,2016-01-21,26.0,1.0,2016,0,0
386,22,2016-01-22,35.0,0.0,2016,0,0
387,23,2016-01-23,33.0,1.0,2016,0,0
388,24,2016-01-24,32.0,0.0,2016,0,0
389,25,2016-01-25,22.0,5.0,2016,0,0
390,26,2016-01-26,21.0,4.0,2016,0,0
391,27,2016-01-27,34.0,6.0,2016,0,0
392,28,2016-01-28,18.0,5.0,2016,0,0
393,29,2016-01-29,10.0,0.0,2016,0,0
394,30,2016-01-30,24.0,3.0,2016,0,0
395,31,2016-01-31,35.0,3.0,2016,0,0
396,32,2016-02-01,41.0,1.0,2016,0,0
397,33,2016-02-02,42.0,1.0,2016,0,0
398,34,2016-02-03,57.0,7.0,2016,1,0
399,35,2016-02-04,36.0,9.0,2016,0,0
400,36,2016-02-05,56.0,3.0,2016,1,0
401,37,2016-02-06,31.0,1.0,2016,0,0
402,38,2016-02-07,22.0,5.0,2016,0,0
403,39,2016-02-08,16.0,1.0,2016,0,0
404,40,2016-02-09,34.0,2.0,2016,0,0
405,41,2016-02-10,28.0,6.0,2016,0,0
406,42,2016-02-11,23.0,5.0,2016,0,0
407,43,2016-02-12,30.0,2.0,2016,0,0
408,44,2016-02-13,42.0,2.0,2016,0,0
409,45,2016-02-14,35.0,7.0,2016,0,0
410,46,2016-02-15,30.0,1.0,2016,0,0
411,47,2016-02-16,16.0,2.0,2016,0,0
412,48,2016-02-17,23.0,0.0,2016,0,0
413,49,2016-02-18,28.0,0.0,2016,0,0
414,50,2016-02-19,31.0,4.0,2016,0,0
415,51,2016-02-20,22.0,1.0,2016,0,0
416,52,2016-02-21,18.0,1.0,2016,0,0
417,53,2016-02-22,25.0,1.0,2016,0,0
418,54,2016-02-23,26.0,4.0,2016,0,0
419,55,2016-02-24,26.0,5.0,2016,0,0
420,56,2016-02-25,31.0,3.0,2016,0,0
421,57,2016-02-26,25.0,3.0,2016,0,0
422,58,2016-02-27,27.0,3.0,2016,0,0
423,59,2016-02-28,26.0,0.0,2016,0,0
424,60,2016-03-01,9.0,1.0,2016,0,0
425,61,2016-03-02,24.0,1.0,2016,0,0
426,62,2016-03-03,27.0,3.0,2016,0,0
427,63,2016-03-04,13.0,2.0,2016,0,0
428,64,2016-03-05,32.0,1.0,2016,0,0
429,65,2016-03-06,16.0,3.0,2016,0,0
430,66,2016-03-07,,,2016,0,0
431,67,2016-03-08,,,2016,0,0
432,68,2016-03-09,10.0,10.0,2016,0,0
433,69,2016-03-10,47.0,0.0,2016,0,0
434,70,2016-03-11,50.0,0.0,2016,1,1
435,71,2016-03-12,77.0,1.0,2016,1,1
436,72,2016-03-13,61.0,0.0,2016,1,1
437,73,2016-03-14,58.0,0.0,2016,1,1
438,74,2016-03-15,50.0,0.0,2016,1,1
439,75,2016-03-16,52.0,0.0,2016,1,1
440,76,2016-03-17,47.0,0.0,2016,0,0
441,77,2016-03-18,72.0,0.0,2016,1,1
442,78,2016-03-19,61.0,0.0,2016,1,1
443,79,2016-03-20,64.0,2.0,2016,1,1
444,80,2016-03-21,74.0,0.0,2016,1,1
445,81,2016-03-22,71.0,12.0,2016,1,1
446,82,2016-03-23,78.0,10.0,2016,1,1
447,83,2016-03-24,56.0,11.0,2016,1,1
448,84,2016-03-25,48.0,12.0,2016,0,0
449,85,2016-03-26,46.0,13.0,2016,0,0
450,86,2016-03-27,42.0,11.0,2016,0,0
451,87,2016-03-28,43.0,15.0,2016,0,0
452,88,2016-03-29,57.0,0.0,2016,1,0
453,89,2016-03-30,49.0,10.0,2016,0,0
454,90,2016-03-31,64.0,8.0,2016,1,0
455,91,2016-04-01,57.0,14.0,2016,1,0
456,92,2016-04-02,40.0,7.0,2016,0,0
457,93,2016-04-03,51.0,14.0,2016,1,0
458,94,2016-04-04,45.0,15.0,2016,0,0
459,95,2016-04-05,43.0,2.0,2016,0,0
460,96,2016-04-06,59.0,1.0,2016,1,1
461,97,2016-04-07,74.0,10.0,2016,1,1
462,98,2016-04-08,52.0,5.0,2016,1,1
463,99,2016-04-09,52.0,9.0,2016,1,1
464,100,2016-04-10,56.0,12.0,2016,1,1
465,101,2016-04-11,67.0,5.0,2016,1,1
466,102,2016-04-12,51.0,8.0,2016,1,1
467,103,2016-04-13,69.0,8.0,2016,1,1
468,104,2016-04-14,52.0,8.0,2016,1,1
469,105,2016-04-15,100.0,4.0,2016,1,1
470,106,2016-04-16,63.0,8.0,2016,1,1
471,107,2016-04-17,35.0,4.0,2016,0,0
472,108,2016-04-18,36.0,2.0,2016,0,0
473,109,2016-04-19,55.0,4.0,2016,1,0
474,110,2016-04-20,67.0,5.0,2016,1,0
475,111,2016-04-21,42.0,3.0,2016,0,0
476,112,2016-04-22,94.0,6.0,2016,1,1
477,113,2016-04-23,61.0,7.0,2016,1,1
478,114,2016-04-24,73.0,4.0,2016,1,1
479,115,2016-04-25,48.0,8.0,2016,0,0
480,116,2016-04-26,28.0,4.0,2016,0,0
481,117,2016-04-27,21.0,1.0,2016,0,0
482,118,2016-04-28,32.0,5.0,2016,0,0
483,119,2016-04-29,29.0,0.0,2016,0,0
484,120,2016-04-30,53.0,6.0,2016,1,0
485,121,2016-05-01,54.0,1.0,2016,1,0
486,122,2016-05-02,42.0,1.0,2016,0,0
487,123,2016-05-03,59.0,7.0,2016,1,0
488,124,2016-05-04,45.0,13.0,2016,0,0
489,125,2016-05-05,86.0,7.0,2016,1,1
490,126,2016-05-06,60.0,10.0,2016,1,1
491,127,2016-05-07,66.0,16.0,2016,1,1
492,128,2016-05-08,77.0,22.0,2016,1,1
493,129,2016-05-09,56.0,17.0,2016,1,1
494,130,2016-05-10,41.0,3.0,2016,0,0
495,131,2016-05-11,31.0,5.0,2016,0,0
496,132,2016-05-12,34.0,1.0,2016,0,0
497,133,2016-05-13,30.0,1.0,2016,0,0
498,134,2016-05-14,31.0,1.0,2016,0,0
499,135,2016-05-15,25.0,2.0,2016,0,0
500,136,2016-05-16,25.0,1.0,2016,0,0
501,137,2016-05-17,46.0,3.0,2016,0,0
502,138,2016-05-18,42.0,6.0,2016,0,0
503,139,2016-05-19,24.0,2.0,2016,0,0
504,140,2016-05-20,17.0,0.0,2016,0,0
505,141,2016-05-21,35.0,2.0,2016,0,0
506,142,2016-05-22,24.0,3.0,2016,0,0
507,143,2016-05-23,13.0,0.0,2016,0,0
508,144,2016-05-24,20.0,1.0,2016,0,0
509,145,2016-05-25,21.0,1.0,2016,0,0
510,146,2016-05-26,44.0,4.0,2016,0,0
511,147,2016-05-27,52.0,11.0,2016,1,0
512,148,2016-05-28,35.0,3.0,2016,0,0
513,149,2016-05-29,31.0,2.0,2016,0,0
514,150,2016-05-30,19.0,4.0,2016,0,0
515,151,2016-05-31,17.0,2.0,2016,0,0
516,152,2016-06-01,33.0,2.0,2016,0,0
517,153,2016-06-02,29.0,2.0,2016,0,0
518,154,2016-06-03,13.0,3.0,2016,0,0
519,155,2016-06-04,25.0,2.0,2016,0,0
520,156,2016-06-05,28.0,0.0,2016,0,0
521,157,2016-06-06,26.0,0.0,2016,0,0
522,158,2016-06-07,16.0,0.0,2016,0,0
523,159,2016-06-08,42.0,4.0,2016,0,0
524,160,2016-06-09,38.0,2.0,2016,0,0
525,161,2016-06-10,53.0,4.0,2016,1,0
526,162,2016-06-11,50.0,0.0,2016,1,0
527,163,2016-06-12,45.0,5.0,2016,0,0
528,164,2016-06-13,29.0,1.0,2016,0,0
529,165,2016-06-14,44.0,1.0,2016,0,0
530,166,2016-06-15,50.0,8.0,2016,1,1
531,167,2016-06-16,61.0,12.0,2016,1,1
532,168,2016-06-17,56.0,10.0,2016,1,1
533,169,2016-06-18,58.0,14.0,2016,1,1
534,170,2016-06-19,54.0,3.0,2016,1,1
535,171,2016-06-20,43.0,8.0,2016,0,0
536,172,2016-06-21,17.0,2.0,2016,0,0
537,173,2016-06-22,28.0,1.0,2016,0,0
538,174,2016-06-23,100.0,13.0,2016,1,1
539,175,2016-06-24,99.0,5.0,2016,1,1
540,176,2016-06-25,55.0,3.0,2016,1,1
541,177,2016-06-26,44.0,4.0,2016,0,0
542,178,2016-06-27,77.0,3.0,2016,1,1
543,179,2016-06-28,58.0,2.0,2016,1,1
544,180,2016-06-29,55.0,2.0,2016,1,1
545,181,2016-06-30,46.0,2.0,2016,0,0
546,182,2016-07-01,46.0,2.0,2016,0,0
547,183,2016-07-02,83.0,0.0,2016,1,0
548,184,2016-07-03,43.0,4.0,2016,0,0
549,185,2016-07-04,42.0,6.0,2016,0,0
550,186,2016-07-05,48.0,7.0,2016,0,0
551,187,2016-07-06,27.0,4.0,2016,0,0
552,188,2016-07-07,109.0,2.0,2016,1,0
553,189,2016-07-08,54.0,1.0,2016,1,0
554,190,2016-07-09,46.0,12.0,2016,0,0
555,191,2016-07-10,43.0,5.0,2016,0,0
556,192,2016-07-11,39.0,9.0,2016,0,0
557,193,2016-07-12,80.0,6.0,2016,1,1
558,194,2016-07-13,65.0,13.0,2016,1,1
559,195,2016-07-14,66.0,10.0,2016,1,1
560,196,2016-07-15,42.0,12.0,2016,0,0
561,197,2016-07-16,38.0,6.0,2016,0,0
562,198,2016-07-17,37.0,1.0,2016,0,0
563,199,2016-07-18,50.0,7.0,2016,1,1
564,200,2016-07-19,63.0,6.0,2016,1,1
565,201,2016-07-20,62.0,17.0,2016,1,1
566,202,2016-07-21,48.0,8.0,2016,0,0
567,203,2016-07-22,41.0,6.0,2016,0,0
568,204,2016-07-23,89.0,6.0,2016,1,1
569,205,2016-07-24,84.0,10.0,2016,1,1
570,206,2016-07-25,51.0,7.0,2016,1,1
571,207,2016-07-26,93.0,5.0,2016,1,1
572,208,2016-07-27,34.0,10.0,2016,0,0
573,209,2016-07-28,45.0,1.0,2016,0,0
574,210,2016-07-29,45.0,5.0,2016,0,0
575,211,2016-07-30,65.0,7.0,2016,1,1
576,212,2016-07-31,72.0,12.0,2016,1,1
577,213,2016-08-01,51.0,7.0,2016,1,1
578,214,2016-08-02,62.0,10.0,2016,1,1
579,215,2016-08-03,60.0,0.0,2016,1,1
580,216,2016-08-04,53.0,11.0,2016,1,1
581,217,2016-08-05,57.0,7.0,2016,1,1
582,218,2016-08-06,45.0,8.0,2016,0,0
583,219,2016-08-07,48.0,6.0,2016,0,0
584,220,2016-08-08,48.0,3.0,2016,0,0
585,221,2016-08-09,35.0,8.0,2016,0,0
586,222,2016-08-10,35.0,2.0,2016,0,0
587,223,2016-08-11,48.0,2.0,2016,0,0
588,224,2016-08-12,39.0,2.0,2016,0,0
589,225,2016-08-13,82.0,2.0,2016,1,1
590,226,2016-08-14,75.0,11.0,2016,1,1
591,227,2016-08-15,65.0,20.0,2016,1,1
592,228,2016-08-16,47.0,8.0,2016,0,0
593,229,2016-08-17,64.0,14.0,2016,1,0
594,230,2016-08-18,55.0,2.0,2016,1,0
595,231,2016-08-19,44.0,0.0,2016,0,0
596,232,2016-08-20,49.0,7.0,2016,0,0
597,233,2016-08-21,26.0,0.0,2016,0,0
598,234,2016-08-22,19.0,1.0,2016,0,0
599,235,2016-08-23,28.0,1.0,2016,0,0
600,236,2016-08-24,39.0,3.0,2016,0,0
601,237,2016-08-25,54.0,2.0,2016,1,1
602,238,2016-08-26,68.0,13.0,2016,1,1
603,239,2016-08-27,67.0,10.0,2016,1,1
604,240,2016-08-28,75.0,5.0,2016,1,1
605,241,2016-08-29,83.0,5.0,2016,1,1
606,242,2016-08-30,77.0,8.0,2016,1,1
607,243,2016-08-31,66.0,2.0,2016,1,1
608,244,2016-09-01,39.0,3.0,2016,0,0
609,245,2016-09-02,51.0,6.0,2016,1,0
610,246,2016-09-03,49.0,4.0,2016,0,0
611,247,2016-09-04,36.0,10.0,2016,0,0
612,248,2016-09-05,61.0,3.0,2016,1,0
613,249,2016-09-06,43.0,0.0,2016,0,0
614,250,2016-09-07,37.0,1.0,2016,0,0
615,251,2016-09-08,59.0,3.0,2016,1,0
616,252,2016-09-09,50.0,1.0,2016,1,0
617,253,2016-09-10,47.0,2.0,2016,0,0
618,254,2016-09-11,46.0,5.0,2016,0,0
619,255,2016-09-12,35.0,10.0,2016,0,0
620,256,2016-09-13,51.0,11.0,2016,1,1
621,257,2016-09-14,55.0,21.0,2016,1,1
622,258,2016-09-15,71.0,6.0,2016,1,1
623,259,2016-09-16,56.0,1.0,2016,1,1
624,260,2016-09-17,59.0,8.0,2016,1,1
625,261,2016-09-18,62.0,4.0,2016,1,1
626,262,2016-09-19,27.0,9.0,2016,0,0
627,263,2016-09-20,35.0,1.0,2016,0,0
628,264,2016-09-21,19.0,2.0,2016,0,0
629,265,2016-09-22,39.0,0.0,2016,0,0
630,266,2016-09-23,52.0,2.0,2016,1,0
631,267,2016-09-24,44.0,2.0,2016,0,0
632,268,2016-09-25,27.0,1.0,2016,0,0
633,269,2016-09-26,38.0,0.0,2016,0,0
634,270,2016-09-27,54.0,4.0,2016,1,1
635,271,2016-09-28,66.0,1.0,2016,1,1
636,272,2016-09-29,61.0,5.0,2016,1,1
637,273,2016-09-30,41.0,3.0,2016,0,0
638,274,2016-10-01,33.0,0.0,2016,0,0
639,275,2016-10-02,29.0,1.0,2016,0,0
640,276,2016-10-03,21.0,3.0,2016,0,0
641,277,2016-10-04,21.0,2.0,2016,0,0
642,278,2016-10-05,23.0,0.0,2016,0,0
643,279,2016-10-06,21.0,0.0,2016,0,0
644,280,2016-10-07,24.0,1.0,2016,0,0
645,281,2016-10-08,46.0,3.0,2016,0,0
646,282,2016-10-09,32.0,3.0,2016,0,0
647,283,2016-10-10,25.0,0.0,2016,0,0
648,284,2016-10-11,61.0,1.0,2016,1,0
649,285,2016-10-12,51.0,0.0,2016,1,0
650,286,2016-10-13,31.0,2.0,2016,0,0
651,287,2016-10-14,24.0,1.0,2016,0,0
652,288,2016-10-15,36.0,1.0,2016,0,0
653,289,2016-10-16,35.0,2.0,2016,0,0
654,290,2016-10-17,29.0,9.0,2016,0,0
655,291,2016-10-18,39.0,9.0,2016,0,0
656,292,2016-10-19,59.0,10.0,2016,1,0
657,293,2016-10-20,50.0,4.0,2016,1,0
658,294,2016-10-21,26.0,2.0,2016,0,0
659,295,2016-10-22,18.0,0.0,2016,0,0
660,296,2016-10-23,22.0,1.0,2016,0,0
661,297,2016-10-24,26.0,2.0,2016,0,0
662,298,2016-10-25,40.0,3.0,2016,0,0
663,299,2016-10-26,29.0,8.0,2016,0,0
664,300,2016-10-27,21.0,0.0,2016,0,0
665,301,2016-10-28,21.0,3.0,2016,0,0
666,302,2016-10-29,22.0,1.0,2016,0,0
667,303,2016-10-30,29.0,1.0,2016,0,0
668,304,2016-10-31,26.0,3.0,2016,0,0
669,305,2016-11-01,45.0,6.0,2016,0,0
670,306,2016-11-02,20.0,2.0,2016,0,0
671,307,2016-11-03,24.0,1.0,2016,0,0
672,308,2016-11-04,12.0,5.0,2016,0,0
673,309,2016-11-05,18.0,0.0,2016,0,0
674,310,2016-11-06,12.0,0.0,2016,0,0
675,311,2016-11-07,41.0,1.0,2016,0,0
676,312,2016-11-08,43.0,2.0,2016,0,0
677,313,2016-11-09,26.0,3.0,2016,0,0
678,314,2016-11-10,42.0,2.0,2016,0,0
679,315,2016-11-11,35.0,11.0,2016,0,0
680,316,2016-11-12,11.0,1.0,2016,0,0
681,317,2016-11-13,8.0,0.0,2016,0,0
682,318,2016-11-14,17.0,1.0,2016,0,0
683,319,2016-11-15,13.0,3.0,2016,0,0
684,320,2016-11-16,20.0,1.0,2016,0,0
685,321,2016-11-17,27.0,8.0,2016,0,0
686,322,2016-11-18,12.0,4.0,2016,0,0
687,323,2016-11-19,20.0,3.0,2016,0,0
688,324,2016-11-20,26.0,0.0,2016,0,0
689,325,2016-11-21,31.0,4.0,2016,0,0
690,326,2016-11-22,52.0,10.0,2016,1,0
691,327,2016-11-23,26.0,7.0,2016,0,0
692,328,2016-11-24,50.0,7.0,2016,1,0
693,329,2016-11-25,45.0,5.0,2016,0,0
694,330,2016-11-26,39.0,7.0,2016,0,0
695,331,2016-11-27,32.0,5.0,2016,0,0
696,332,2016-11-28,27.0,9.0,2016,0,0
697,333,2016-11-29,22.0,1.0,2016,0,0
698,334,2016-11-30,17.0,0.0,2016,0,0
699,335,2016-12-01,18.0,1.0,2016,0,0
700,336,2016-12-02,45.0,2.0,2016,0,0
701,337,2016-12-03,37.0,1.0,2016,0,0
702,338,2016-12-04,37.0,0.0,2016,0,0
703,339,2016-12-05,20.0,2.0,2016,0,0
704,340,2016-12-06,40.0,1.0,2016,0,0
705,341,2016-12-07,37.0,3.0,2016,0,0
706,342,2016-12-08,19.0,5.0,2016,0,0
707,343,2016-12-09,15.0,1.0,2016,0,0
708,344,2016-12-10,22.0,1.0,2016,0,0
709,345,2016-12-11,12.0,1.0,2016,0,0
710,346,2016-12-12,27.0,2.0,2016,0,0
711,347,2016-12-13,23.0,3.0,2016,0,0
712,348,2016-12-14,28.0,3.0,2016,0,0
713,349,2016-12-15,17.0,1.0,2016,0,0
714,350,2016-12-16,17.0,2.0,2016,0,0
715,351,2016-12-17,24.0,2.0,2016,0,0
716,352,2016-12-18,29.0,1.0,2016,0,0
717,353,2016-12-19,24.0,0.0,2016,0,0
718,354,2016-12-20,18.0,0.0,2016,0,0
719,355,2016-12-21,18.0,4.0,2016,0,0
720,356,2016-12-22,25.0,0.0,2016,0,0
721,357,2016-12-23,23.0,3.0,2016,0,0
722,358,2016-12-24,25.0,2.0,2016,0,0
723,359,2016-12-25,29.0,2.0,2016,0,0
724,360,2016-12-26,20.0,0.0,2016,0,0
725,361,2016-12-27,24.0,4.0,2016,0,0
726,362,2016-12-28,22.0,3.0,2016,0,0
727,363,2016-12-29,23.0,3.0,2016,0,0
728,364,2016-12-30,24.0,5.0,2016,0,0
729,365,2016-12-31,34.0,1.0,2016,0,0
730,1,2017-01-01,81.0,2.0,2017,1,0
731,2,2017-01-02,18.0,1.0,2017,0,0
732,3,2017-01-03,32.0,3.0,2017,0,0
733,4,2017-01-04,22.0,2.0,2017,0,0
734,5,2017-01-05,25.0,1.0,2017,0,0
735,6,2017-01-06,37.0,3.0,2017,0,0
736,7,2017-01-07,23.0,1.0,2017,0,0
737,8,2017-01-08,22.0,3.0,2017,0,0
738,9,2017-01-09,28.0,2.0,2017,0,0
739,10,2017-01-10,15.0,2.0,2017,0,0
740,11,2017-01-11,30.0,1.0,2017,0,0
741,12,2017-01-12,24.0,2.0,2017,0,0
742,13,2017-01-13,30.0,2.0,2017,0,0
743,14,2017-01-14,26.0,1.0,2017,0,0
744,15,2017-01-15,22.0,1.0,2017,0,0
745,16,2017-01-16,12.0,1.0,2017,0,0
746,17,2017-01-17,20.0,0.0,2017,0,0
747,18,2017-01-18,10.0,1.0,2017,0,0
748,19,2017-01-19,80.0,0.0,2017,1,0
749,20,2017-01-20,18.0,1.0,2017,0,0
750,21,2017-01-21,21.0,2.0,2017,0,0
751,22,2017-01-22,13.0,0.0,2017,0,0
752,23,2017-01-23,18.0,1.0,2017,0,0
753,24,2017-01-24,24.0,2.0,2017,0,0
754,25,2017-01-25,17.0,1.0,2017,0,0
755,26,2017-01-26,19.0,2.0,2017,0,0
756,27,2017-01-27,27.0,3.0,2017,0,0
757,28,2017-01-28,29.0,3.0,2017,0,0
758,29,2017-01-29,29.0,1.0,2017,0,0
759,30,2017-01-30,21.0,1.0,2017,0,0
760,31,2017-01-31,19.0,2.0,2017,0,0
761,32,2017-02-01,22.0,2.0,2017,0,0
762,33,2017-02-02,22.0,0.0,2017,0,0
763,34,2017-02-03,12.0,1.0,2017,0,0
764,35,2017-02-04,20.0,2.0,2017,0,0
765,36,2017-02-05,17.0,2.0,2017,0,0
766,37,2017-02-06,24.0,3.0,2017,0,0
767,38,2017-02-07,23.0,5.0,2017,0,0
768,39,2017-02-08,28.0,3.0,2017,0,0
769,40,2017-02-09,26.0,4.0,2017,0,0
770,41,2017-02-10,29.0,1.0,2017,0,0
771,42,2017-02-11,46.0,1.0,2017,0,0
772,43,2017-02-12,27.0,1.0,2017,0,0
773,44,2017-02-13,32.0,1.0,2017,0,0
774,45,2017-02-14,28.0,1.0,2017,0,0
775,46,2017-02-15,32.0,3.0,2017,0,0
776,47,2017-02-16,47.0,7.0,2017,0,0
777,48,2017-02-17,45.0,10.0,2017,0,0
778,49,2017-02-18,35.0,10.0,2017,0,0
779,50,2017-02-19,40.0,11.0,2017,0,0
780,51,2017-02-20,45.0,6.0,2017,0,0
781,52,2017-02-21,31.0,1.0,2017,0,0
782,53,2017-02-22,25.0,1.0,2017,0,0
783,54,2017-02-23,69.0,0.0,2017,1,0
784,55,2017-02-24,55.0,1.0,2017,1,0
785,56,2017-02-25,17.0,3.0,2017,0,0
786,57,2017-02-26,18.0,2.0,2017,0,0
787,58,2017-02-27,25.0,1.0,2017,0,0
788,59,2017-02-28,27.0,2.0,2017,0,0
789,60,2017-03-01,14.0,1.0,2017,0,0
790,61,2017-03-02,15.0,0.0,2017,0,0
791,62,2017-03-03,22.0,3.0,2017,0,0
792,63,2017-03-04,20.0,3.0,2017,0,0
793,64,2017-03-05,56.0,2.0,2017,1,0
794,65,2017-03-06,56.0,3.0,2017,1,0
795,66,2017-03-07,43.0,0.0,2017,0,0
796,67,2017-03-08,13.0,1.0,2017,0,0
797,68,2017-03-09,,,2017,0,0
798,69,2017-03-10,,,2017,0,0
799,70,2017-03-11,,,2017,0,0
800,71,2017-03-12,,,2017,0,0
801,72,2017-03-13,,,2017,0,0
802,73,2017-03-14,,,2017,0,0
803,74,2017-03-15,,,2017,0,0
804,75,2017-03-16,,,2017,0,0
805,76,2017-03-17,,,2017,0,0
806,77,2017-03-18,,,2017,0,0
807,78,2017-03-19,,,2017,0,0
808,79,2017-03-20,,,2017,0,0
809,80,2017-03-21,,,2017,0,0
810,81,2017-03-22,27.0,5.0,2017,0,0
811,82,2017-03-23,32.0,2.0,2017,0,0
812,83,2017-03-24,37.0,4.0,2017,0,0
813,84,2017-03-25,33.0,10.0,2017,0,0
814,85,2017-03-26,28.0,1.0,2017,0,0
815,86,2017-03-27,35.0,2.0,2017,0,0
816,87,2017-03-28,42.0,1.0,2017,0,0
817,88,2017-03-29,60.0,1.0,2017,1,0
818,89,2017-03-30,31.0,1.0,2017,0,0
819,90,2017-03-31,67.0,1.0,2017,1,0
820,91,2017-04-01,39.0,3.0,2017,0,0
821,92,2017-04-02,42.0,2.0,2017,0,0
822,93,2017-04-03,40.0,0.0,2017,0,0
823,94,2017-04-04,53.0,5.0,2017,1,1
824,95,2017-04-05,55.0,9.0,2017,1,1
825,96,2017-04-06,111.0,3.0,2017,1,1
826,97,2017-04-07,34.0,0.0,2017,0,0
827,98,2017-04-08,27.0,2.0,2017,0,0
828,99,2017-04-09,41.0,0.0,2017,0,0
829,100,2017-04-10,48.0,0.0,2017,0,0
830,101,2017-04-11,54.0,27.0,2017,1,0
831,102,2017-04-12,,,2017,0,0
832,103,2017-04-13,,,2017,0,0
833,104,2017-04-14,,,2017,0,0
834,105,2017-04-15,,,2017,0,0
835,106,2017-04-16,,,2017,0,0
836,107,2017-04-17,,,2017,0,0
837,108,2017-04-18,,,2017,0,0
838,109,2017-04-19,,,2017,0,0
839,110,2017-04-20,,,2017,0,0
840,111,2017-04-21,,,2017,0,0
841,112,2017-04-22,,,2017,0,0
842,113,2017-04-23,,,2017,0,0
843,114,2017-04-24,,,2017,0,0
844,115,2017-04-25,,,2017,0,0
845,116,2017-04-26,,,2017,0,0
846,117,2017-04-27,,,2017,0,0
847,118,2017-04-28,,,2017,0,0
848,119,2017-04-29,,,2017,0,0
849,120,2017-04-30,,,2017,0,0
850,121,2017-05-01,,,2017,0,0
851,122,2017-05-02,,,2017,0,0
852,123,2017-05-03,,,2017,0,0
853,124,2017-05-04,,,2017,0,0
854,125,2017-05-05,,,2017,0,0
855,126,2017-05-06,,,2017,0,0
856,127,2017-05-07,,,2017,0,0
857,128,2017-05-08,,,2017,0,0
858,129,2017-05-09,,,2017,0,0
859,130,2017-05-10,,,2017,0,0
860,131,2017-05-11,57.0,7.0,2017,1,0
861,132,2017-05-12,49.0,4.0,2017,0,0
862,133,2017-05-13,44.0,9.0,2017,0,0
863,134,2017-05-14,27.0,1.0,2017,0,0
864,135,2017-05-15,37.0,5.0,2017,0,0
865,136,2017-05-16,29.0,6.0,2017,0,0
866,137,2017-05-17,30.0,2.0,2017,0,0
867,138,2017-05-18,29.0,4.0,2017,0,0
868,139,2017-05-19,22.0,1.0,2017,0,0
869,140,2017-05-20,30.0,2.0,2017,0,0
870,141,2017-05-21,20.0,2.0,2017,0,0
871,142,2017-05-22,19.0,4.0,2017,0,0
872,143,2017-05-23,32.0,3.0,2017,0,0
873,144,2017-05-24,39.0,6.0,2017,0,0
874,145,2017-05-25,47.0,1.0,2017,0,0
875,146,2017-05-26,62.0,6.0,2017,1,0
876,147,2017-05-27,50.0,11.0,2017,1,0
877,148,2017-05-28,38.0,1.0,2017,0,0
878,149,2017-05-29,49.0,4.0,2017,0,0
879,150,2017-05-30,37.0,5.0,2017,0,0
880,151,2017-05-31,42.0,3.0,2017,0,0
881,152,2017-06-01,36.0,1.0,2017,0,0
882,153,2017-06-02,41.0,1.0,2017,0,0
883,154,2017-06-03,44.0,2.0,2017,0,0
884,155,2017-06-04,84.0,5.0,2017,1,0
885,156,2017-06-05,26.0,3.0,2017,0,0
886,157,2017-06-06,42.0,1.0,2017,0,0
887,158,2017-06-07,58.0,3.0,2017,1,0
888,159,2017-06-08,49.0,7.0,2017,0,0
889,160,2017-06-09,33.0,0.0,2017,0,0
890,161,2017-06-10,31.0,0.0,2017,0,0
891,162,2017-06-11,44.0,2.0,2017,0,0
892,163,2017-06-12,51.0,12.0,2017,1,0
893,164,2017-06-13,49.0,4.0,2017,0,0
894,165,2017-06-14,31.0,5.0,2017,0,0
895,166,2017-06-15,22.0,2.0,2017,0,0
896,167,2017-06-16,39.0,1.0,2017,0,0
897,168,2017-06-17,44.0,4.0,2017,0,0
898,169,2017-06-18,40.0,3.0,2017,0,0
899,170,2017-06-19,35.0,6.0,2017,0,0
900,171,2017-06-20,50.0,3.0,2017,1,0
901,172,2017-06-21,22.0,2.0,2017,0,0
902,173,2017-06-22,21.0,3.0,2017,0,0
903,174,2017-06-23,24.0,0.0,2017,0,0
904,175,2017-06-24,44.0,14.0,2017,0,0
905,176,2017-06-25,,,2017,0,0
906,177,2017-06-26,,,2017,0,0
907,178,2017-06-27,,,2017,0,0
908,179,2017-06-28,,,2017,0,0
909,180,2017-06-29,,,2017,0,0
910,181,2017-06-30,,,2017,0,0
911,182,2017-07-01,,,2017,0,0
912,183,2017-07-02,,,2017,0,0
913,184,2017-07-03,,,2017,0,0
914,185,2017-07-04,,,2017,0,0
915,186,2017-07-05,,,2017,0,0
916,187,2017-07-06,,,2017,0,0
917,188,2017-07-07,,,2017,0,0
918,189,2017-07-08,,,2017,0,0
919,190,2017-07-09,,,2017,0,0
920,191,2017-07-10,,,2017,0,0
921,192,2017-07-11,,,2017,0,0
922,193,2017-07-12,,,2017,0,0
923,194,2017-07-13,,,2017,0,0
924,195,2017-07-14,,,2017,0,0
925,196,2017-07-15,,,2017,0,0
926,197,2017-07-16,,,2017,0,0
927,198,2017-07-17,,,2017,0,0
928,199,2017-07-18,,,2017,0,0
929,200,2017-07-19,,,2017,0,0
930,201,2017-07-20,,,2017,0,0
931,202,2017-07-21,,,2017,0,0
932,203,2017-07-22,,,2017,0,0
933,204,2017-07-23,,,2017,0,0
934,205,2017-07-24,,,2017,0,0
935,206,2017-07-25,,,2017,0,0
936,207,2017-07-26,,,2017,0,0
937,208,2017-07-27,42.0,7.0,2017,0,0
938,209,2017-07-28,46.0,9.0,2017,0,0
939,210,2017-07-29,38.0,5.0,2017,0,0
940,211,2017-07-30,35.0,3.0,2017,0,0
941,212,2017-07-31,49.0,5.0,2017,0,0
942,213,2017-08-01,61.0,4.0,2017,1,0
943,214,2017-08-02,45.0,7.0,2017,0,0
944,215,2017-08-03,40.0,4.0,2017,0,0
945,216,2017-08-04,28.0,2.0,2017,0,0
946,217,2017-08-05,22.0,2.0,2017,0,0
947,218,2017-08-06,20.0,1.0,2017,0,0
948,219,2017-08-07,74.0,4.0,2017,1,1
949,220,2017-08-08,89.0,7.0,2017,1,1
950,221,2017-08-09,77.0,12.0,2017,1,1
951,222,2017-08-10,53.0,9.0,2017,1,1
952,223,2017-08-11,40.0,0.0,2017,0,0
953,224,2017-08-12,70.0,3.0,2017,1,1
954,225,2017-08-13,54.0,12.0,2017,1,1
955,226,2017-08-14,78.0,11.0,2017,1,1
956,227,2017-08-15,43.0,4.0,2017,0,0
957,228,2017-08-16,47.0,3.0,2017,0,0
958,229,2017-08-17,35.0,5.0,2017,0,0
959,230,2017-08-18,34.0,5.0,2017,0,0
960,231,2017-08-19,37.0,0.0,2017,0,0
961,232,2017-08-20,37.0,2.0,2017,0,0
962,233,2017-08-21,18.0,1.0,2017,0,0
963,234,2017-08-22,22.0,2.0,2017,0,0
964,235,2017-08-23,40.0,3.0,2017,0,0
965,236,2017-08-24,37.0,2.0,2017,0,0
966,237,2017-08-25,55.0,8.0,2017,1,0
967,238,2017-08-26,42.0,5.0,2017,0,0
968,239,2017-08-27,51.0,2.0,2017,1,1
969,240,2017-08-28,53.0,5.0,2017,1,1
970,241,2017-08-29,92.0,2.0,2017,1,1
971,242,2017-08-30,119.0,13.0,2017,1,1
972,243,2017-08-31,65.0,5.0,2017,1,1
973,244,2017-09-01,37.0,2.0,2017,0,0
974,245,2017-09-02,46.0,1.0,2017,0,0
975,246,2017-09-03,50.0,3.0,2017,1,1
976,247,2017-09-04,72.0,0.0,2017,1,1
977,248,2017-09-05,66.0,11.0,2017,1,1
978,249,2017-09-06,61.0,7.0,2017,1,1
979,250,2017-09-07,57.0,8.0,2017,1,1
980,251,2017-09-08,72.0,5.0,2017,1,1
981,252,2017-09-09,66.0,16.0,2017,1,1
982,253,2017-09-10,61.0,11.0,2017,1,1
983,254,2017-09-11,46.0,8.0,2017,0,0
984,255,2017-09-12,49.0,9.0,2017,0,0
985,256,2017-09-13,49.0,7.0,2017,0,0
986,257,2017-09-14,81.0,17.0,2017,1,1
987,258,2017-09-15,99.0,6.0,2017,1,1
988,259,2017-09-16,126.0,22.0,2017,1,1
989,260,2017-09-17,72.0,17.0,2017,1,1
990,261,2017-09-18,92.0,17.0,2017,1,1
991,262,2017-09-19,86.0,20.0,2017,1,1
992,263,2017-09-20,58.0,21.0,2017,1,1
993,264,2017-09-21,60.0,5.0,2017,1,1
994,265,2017-09-22,85.0,4.0,2017,1,1
995,266,2017-09-23,84.0,7.0,2017,1,1
996,267,2017-09-24,45.0,11.0,2017,0,0
997,268,2017-09-25,48.0,6.0,2017,0,0
998,269,2017-09-26,73.0,7.0,2017,1,1
999,270,2017-09-27,144.0,16.0,2017,1,1
1000,271,2017-09-28,84.0,8.0,2017,1,1
1001,272,2017-09-29,54.0,4.0,2017,1,1
1002,273,2017-09-30,31.0,4.0,2017,0,0
1003,274,2017-10-01,41.0,2.0,2017,0,0
1004,275,2017-10-02,21.0,2.0,2017,0,0
1005,276,2017-10-03,32.0,4.0,2017,0,0
1006,277,2017-10-04,42.0,1.0,2017,0,0
1007,278,2017-10-05,38.0,1.0,2017,0,0
1008,279,2017-10-06,45.0,9.0,2017,0,0
1009,280,2017-10-07,28.0,2.0,2017,0,0
1010,281,2017-10-08,30.0,2.0,2017,0,0
1011,282,2017-10-09,46.0,7.0,2017,0,0
1012,283,2017-10-10,72.0,14.0,2017,1,0
1013,284,2017-10-11,40.0,9.0,2017,0,0
1014,285,2017-10-12,46.0,9.0,2017,0,0
1015,286,2017-10-13,35.0,7.0,2017,0,0
1016,287,2017-10-14,32.0,1.0,2017,0,0
1017,288,2017-10-15,13.0,1.0,2017,0,0
1018,289,2017-10-16,31.0,1.0,2017,0,0
1019,290,2017-10-17,45.0,2.0,2017,0,0
1020,291,2017-10-18,47.0,2.0,2017,0,0
1021,292,2017-10-19,52.0,2.0,2017,1,0
1022,293,2017-10-20,38.0,6.0,2017,0,0
1023,294,2017-10-21,69.0,4.0,2017,1,0
1024,295,2017-10-22,35.0,1.0,2017,0,0
1025,296,2017-10-23,24.0,2.0,2017,0,0
1026,297,2017-10-24,31.0,1.0,2017,0,0
1027,298,2017-10-25,58.0,6.0,2017,1,0
1028,299,2017-10-26,25.0,1.0,2017,0,0
1029,300,2017-10-27,48.0,3.0,2017,0,0
1030,301,2017-10-28,36.0,2.0,2017,0,0
1031,302,2017-10-29,38.0,0.0,2017,0,0
1032,303,2017-10-30,29.0,8.0,2017,0,0
1033,304,2017-10-31,43.0,4.0,2017,0,0
1034,305,2017-11-01,24.0,0.0,2017,0,0
1035,306,2017-11-02,30.0,1.0,2017,0,0
1036,307,2017-11-03,29.0,5.0,2017,0,0
1037,308,2017-11-04,33.0,1.0,2017,0,0
1038,309,2017-11-05,17.0,1.0,2017,0,0
1039,310,2017-11-06,42.0,1.0,2017,0,0
1040,311,2017-11-07,24.0,1.0,2017,0,0
1041,312,2017-11-08,44.0,4.0,2017,0,0
1042,313,2017-11-09,28.0,4.0,2017,0,0
1043,314,2017-11-10,27.0,2.0,2017,0,0
1044,315,2017-11-11,18.0,2.0,2017,0,0
1045,316,2017-11-12,25.0,2.0,2017,0,0
1046,317,2017-11-13,31.0,3.0,2017,0,0
1047,318,2017-11-14,29.0,0.0,2017,0,0
1048,319,2017-11-15,32.0,1.0,2017,0,0
1049,320,2017-11-16,34.0,4.0,2017,0,0
1050,321,2017-11-17,55.0,2.0,2017,1,0
1051,322,2017-11-18,25.0,2.0,2017,0,0
1052,323,2017-11-19,20.0,2.0,2017,0,0
1053,324,2017-11-20,12.0,1.0,2017,0,0
1054,325,2017-11-21,23.0,0.0,2017,0,0
1055,326,2017-11-22,24.0,1.0,2017,0,0
1056,327,2017-11-23,28.0,0.0,2017,0,0
1057,328,2017-11-24,26.0,5.0,2017,0,0
1058,329,2017-11-25,31.0,5.0,2017,0,0
1059,330,2017-11-26,19.0,2.0,2017,0,0
1060,331,2017-11-27,22.0,2.0,2017,0,0
1061,332,2017-11-28,28.0,0.0,2017,0,0
1062,333,2017-11-29,28.0,4.0,2017,0,0
1063,334,2017-11-30,32.0,2.0,2017,0,0
1064,335,2017-12-01,30.0,3.0,2017,0,0
1065,336,2017-12-02,24.0,1.0,2017,0,0
1066,337,2017-12-03,29.0,1.0,2017,0,0
1067,338,2017-12-04,26.0,7.0,2017,0,0
1068,339,2017-12-05,37.0,5.0,2017,0,0
1069,340,2017-12-06,39.0,1.0,2017,0,0
1070,341,2017-12-07,25.0,3.0,2017,0,0
1071,342,2017-12-08,36.0,5.0,2017,0,0
1072,343,2017-12-09,28.0,3.0,2017,0,0
1073,344,2017-12-10,25.0,4.0,2017,0,0
1074,345,2017-12-11,28.0,5.0,2017,0,0
1075,346,2017-12-12,70.0,3.0,2017,1,0
1076,347,2017-12-13,35.0,1.0,2017,0,0
1077,348,2017-12-14,38.0,4.0,2017,0,0
1078,349,2017-12-15,38.0,9.0,2017,0,0
1079,350,2017-12-16,27.0,5.0,2017,0,0
1080,351,2017-12-17,24.0,1.0,2017,0,0
1081,352,2017-12-18,23.0,1.0,2017,0,0
1082,353,2017-12-19,27.0,5.0,2017,0,0
1083,354,2017-12-20,25.0,5.0,2017,0,0
1084,355,2017-12-21,19.0,2.0,2017,0,0
1085,356,2017-12-22,20.0,0.0,2017,0,0
1086,357,2017-12-23,20.0,3.0,2017,0,0
1087,358,2017-12-24,31.0,3.0,2017,0,0
1088,359,2017-12-25,36.0,1.0,2017,0,0
1089,360,2017-12-26,21.0,1.0,2017,0,0
1090,361,2017-12-27,25.0,2.0,2017,0,0
1091,362,2017-12-28,24.0,3.0,2017,0,0
1092,363,2017-12-29,23.0,0.0,2017,0,0
1093,364,2017-12-30,17.0,3.0,2017,0,0
1094,365,2017-12-31,17.0,0.0,2017,0,0
1095,1,2018-01-01,31.0,3.0,2018,0,0
1096,2,2018-01-02,17.0,1.0,2018,0,0
1097,3,2018-01-03,21.0,0.0,2018,0,0
1098,4,2018-01-04,24.0,1.0,2018,0,0
1099,5,2018-01-05,33.0,2.0,2018,0,0
1100,6,2018-01-06,63.0,0.0,2018,1,0
1101,7,2018-01-07,16.0,2.0,2018,0,0
1102,8,2018-01-08,19.0,1.0,2018,0,0
1103,9,2018-01-09,45.0,3.0,2018,0,0
1104,10,2018-01-10,24.0,3.0,2018,0,0
1105,11,2018-01-11,33.0,1.0,2018,0,0
1106,12,2018-01-12,24.0,2.0,2018,0,0
1107,13,2018-01-13,16.0,2.0,2018,0,0
1108,14,2018-01-14,22.0,2.0,2018,0,0
1109,15,2018-01-15,16.0,1.0,2018,0,0
1110,16,2018-01-16,20.0,3.0,2018,0,0
1111,17,2018-01-17,27.0,4.0,2018,0,0
1112,18,2018-01-18,27.0,8.0,2018,0,0
1113,19,2018-01-19,26.0,0.0,2018,0,0
1114,20,2018-01-20,39.0,4.0,2018,0,0
1115,21,2018-01-21,45.0,2.0,2018,0,0
1116,22,2018-01-22,40.0,5.0,2018,0,0
1117,23,2018-01-23,63.0,1.0,2018,1,0
1118,24,2018-01-24,71.0,2.0,2018,1,0
1119,25,2018-01-25,42.0,4.0,2018,0,0
1120,26,2018-01-26,20.0,4.0,2018,0,0
1121,27,2018-01-27,34.0,1.0,2018,0,0
1122,28,2018-01-28,32.0,1.0,2018,0,0
1123,29,2018-01-29,25.0,1.0,2018,0,0
1124,30,2018-01-30,19.0,0.0,2018,0,0
1125,31,2018-01-31,22.0,1.0,2018,0,0
1126,32,2018-02-01,27.0,1.0,2018,0,0
1127,33,2018-02-02,58.0,0.0,2018,1,0
1128,34,2018-02-03,30.0,1.0,2018,0,0
1129,35,2018-02-04,28.0,3.0,2018,0,0
1130,36,2018-02-05,51.0,0.0,2018,1,0
1131,37,2018-02-06,26.0,1.0,2018,0,0
1132,38,2018-02-07,24.0,1.0,2018,0,0
1133,39,2018-02-08,38.0,7.0,2018,0,0
1134,40,2018-02-09,49.0,8.0,2018,0,0
1135,41,2018-02-10,39.0,4.0,2018,0,0
1136,42,2018-02-11,25.0,1.0,2018,0,0
1137,43,2018-02-12,25.0,5.0,2018,0,0
1138,44,2018-02-13,15.0,1.0,2018,0,0
1139,45,2018-02-14,15.0,2.0,2018,0,0
1140,46,2018-02-15,20.0,2.0,2018,0,0
1141,47,2018-02-16,23.0,0.0,2018,0,0
1142,48,2018-02-17,23.0,1.0,2018,0,0
1143,49,2018-02-18,23.0,1.0,2018,0,0
1144,50,2018-02-19,20.0,2.0,2018,0,0
1145,51,2018-02-20,14.0,2.0,2018,0,0
1146,52,2018-02-21,20.0,3.0,2018,0,0
1147,53,2018-02-22,27.0,3.0,2018,0,0
1148,54,2018-02-23,25.0,2.0,2018,0,0
1149,55,2018-02-24,23.0,2.0,2018,0,0
1150,56,2018-02-25,30.0,1.0,2018,0,0
1151,57,2018-02-26,36.0,1.0,2018,0,0
1152,58,2018-02-27,24.0,2.0,2018,0,0
1153,59,2018-02-28,41.0,6.0,2018,0,0
1154,60,2018-03-01,34.0,3.0,2018,0,0
1155,61,2018-03-02,33.0,0.0,2018,0,0
1156,62,2018-03-03,21.0,3.0,2018,0,0
1157,63,2018-03-04,21.0,3.0,2018,0,0
1158,64,2018-03-05,29.0,2.0,2018,0,0
1159,65,2018-03-06,30.0,7.0,2018,0,0
1160,66,2018-03-07,31.0,5.0,2018,0,0
1161,67,2018-03-08,19.0,3.0,2018,0,0
1162,68,2018-03-09,28.0,0.0,2018,0,0
1163,69,2018-03-10,29.0,3.0,2018,0,0
1164,70,2018-03-11,42.0,7.0,2018,0,0
1165,71,2018-03-12,43.0,6.0,2018,0,0
1166,72,2018-03-13,27.0,8.0,2018,0,0
1167,73,2018-03-14,63.0,3.0,2018,1,0
1168,74,2018-03-15,26.0,1.0,2018,0,0
1169,75,2018-03-16,54.0,1.0,2018,1,0
1170,76,2018-03-17,33.0,4.0,2018,0,0
1171,77,2018-03-18,43.0,2.0,2018,0,0
1172,78,2018-03-19,43.0,1.0,2018,0,0
1173,79,2018-03-20,37.0,1.0,2018,0,0
1174,80,2018-03-21,20.0,1.0,2018,0,0
1175,81,2018-03-22,30.0,0.0,2018,0,0
1176,82,2018-03-23,32.0,1.0,2018,0,0
1177,83,2018-03-24,25.0,0.0,2018,0,0
1178,84,2018-03-25,26.0,2.0,2018,0,0
1179,85,2018-03-26,29.0,2.0,2018,0,0
1180,86,2018-03-27,17.0,2.0,2018,0,0
1181,87,2018-03-28,23.0,4.0,2018,0,0
1182,88,2018-03-29,27.0,5.0,2018,0,0
1183,89,2018-03-30,30.0,1.0,2018,0,0
1184,90,2018-03-31,19.0,0.0,2018,0,0
1185,91,2018-04-01,18.0,1.0,2018,0,0
1186,92,2018-04-02,21.0,2.0,2018,0,0
1187,93,2018-04-03,38.0,5.0,2018,0,0
1188,94,2018-04-04,24.0,4.0,2018,0,0
1189,95,2018-04-05,36.0,8.0,2018,0,0
1190,96,2018-04-06,33.0,1.0,2018,0,0
1191,97,2018-04-07,23.0,3.0,2018,0,0
1192,98,2018-04-08,25.0,2.0,2018,0,0
1193,99,2018-04-09,27.0,2.0,2018,0,0
1194,100,2018-04-10,38.0,1.0,2018,0,0
1195,101,2018-04-11,28.0,6.0,2018,0,0
1196,102,2018-04-12,30.0,7.0,2018,0,0
1197,103,2018-04-13,32.0,4.0,2018,0,0
1198,104,2018-04-14,34.0,9.0,2018,0,0
1199,105,2018-04-15,22.0,3.0,2018,0,0
1200,106,2018-04-16,20.0,0.0,2018,0,0
1201,107,2018-04-17,16.0,1.0,2018,0,0
1202,108,2018-04-18,23.0,4.0,2018,0,0
1203,109,2018-04-19,39.0,3.0,2018,0,0
1204,110,2018-04-20,62.0,3.0,2018,1,0
1205,111,2018-04-21,99.0,6.0,2018,1,0
1206,112,2018-04-22,46.0,5.0,2018,0,0
1207,113,2018-04-23,44.0,9.0,2018,0,0
1208,114,2018-04-24,41.0,7.0,2018,0,0
1209,115,2018-04-25,36.0,4.0,2018,0,0
1210,116,2018-04-26,40.0,15.0,2018,0,0
1211,117,2018-04-27,,,2018,0,0
1212,118,2018-04-28,,,2018,0,0
1213,119,2018-04-29,,,2018,0,0
1214,120,2018-04-30,,,2018,0,0
1215,121,2018-05-01,,,2018,0,0
1216,122,2018-05-02,38.0,12.0,2018,0,0
1217,123,2018-05-03,51.0,10.0,2018,1,0
1218,124,2018-05-04,56.0,10.0,2018,1,0
1219,125,2018-05-05,41.0,12.0,2018,0,0
1220,126,2018-05-06,52.0,9.0,2018,1,0
1221,127,2018-05-07,26.0,6.0,2018,0,0
1222,128,2018-05-08,25.0,3.0,2018,0,0
1223,129,2018-05-09,33.0,0.0,2018,0,0
1224,130,2018-05-10,67.0,7.0,2018,1,0
1225,131,2018-05-11,54.0,7.0,2018,1,0
1226,132,2018-05-12,30.0,9.0,2018,0,0
1227,133,2018-05-13,49.0,0.0,2018,0,0
1228,134,2018-05-14,34.0,4.0,2018,0,0
1229,135,2018-05-15,45.0,14.0,2018,0,0
1230,136,2018-05-16,51.0,11.0,2018,1,0
1231,137,2018-05-17,42.0,3.0,2018,0,0
1232,138,2018-05-18,29.0,9.0,2018,0,0
1233,139,2018-05-19,20.0,1.0,2018,0,0
1234,140,2018-05-20,40.0,0.0,2018,0,0
1235,141,2018-05-21,45.0,5.0,2018,0,0
1236,142,2018-05-22,95.0,9.0,2018,1,0
1237,143,2018-05-23,58.0,11.0,2018,1,0
1238,144,2018-05-24,38.0,10.0,2018,0,0
1239,145,2018-05-25,49.0,5.0,2018,0,0
1240,146,2018-05-26,38.0,10.0,2018,0,0
1241,147,2018-05-27,35.0,10.0,2018,0,0
1242,148,2018-05-28,35.0,9.0,2018,0,0
1243,149,2018-05-29,,,2018,0,0
1244,150,2018-05-30,,,2018,0,0
1245,151,2018-05-31,,,2018,0,0
1246,152,2018-06-01,,,2018,0,0
1247,153,2018-06-02,,,2018,0,0
1248,154,2018-06-03,,,2018,0,0
1249,155,2018-06-04,,,2018,0,0
1250,156,2018-06-05,63.0,20.0,2018,1,0
1251,157,2018-06-06,45.0,19.0,2018,0,0
1252,158,2018-06-07,50.0,7.0,2018,1,0
1253,159,2018-06-08,25.0,1.0,2018,0,0
1254,160,2018-06-09,47.0,5.0,2018,0,0
1255,161,2018-06-10,24.0,9.0,2018,0,0
1256,162,2018-06-11,32.0,9.0,2018,0,0
1257,163,2018-06-12,31.0,7.0,2018,0,0
1258,164,2018-06-13,41.0,5.0,2018,0,0
1259,165,2018-06-14,36.0,2.0,2018,0,0
1260,166,2018-06-15,32.0,2.0,2018,0,0
1261,167,2018-06-16,20.0,0.0,2018,0,0
1262,168,2018-06-17,36.0,0.0,2018,0,0
1263,169,2018-06-18,36.0,1.0,2018,0,0
1264,170,2018-06-19,44.0,4.0,2018,0,0
1265,171,2018-06-20,48.0,4.0,2018,0,0
1266,172,2018-06-21,80.0,8.0,2018,1,1
1267,173,2018-06-22,57.0,6.0,2018,1,1
1268,174,2018-06-23,51.0,12.0,2018,1,1
1269,175,2018-06-24,49.0,7.0,2018,0,0
1270,176,2018-06-25,76.0,5.0,2018,1,1
1271,177,2018-06-26,61.0,8.0,2018,1,1
1272,178,2018-06-27,59.0,9.0,2018,1,1
1273,179,2018-06-28,56.0,10.0,2018,1,1
1274,180,2018-06-29,70.0,7.0,2018,1,1
1275,181,2018-06-30,74.0,7.0,2018,1,1
1276,182,2018-07-01,58.0,10.0,2018,1,1
1277,183,2018-07-02,59.0,9.0,2018,1,1
1278,184,2018-07-03,61.0,3.0,2018,1,1
1279,185,2018-07-04,103.0,4.0,2018,1,1
1280,186,2018-07-05,107.0,11.0,2018,1,1
1281,187,2018-07-06,58.0,15.0,2018,1,1
1282,188,2018-07-07,61.0,14.0,2018,1,1
1283,189,2018-07-08,81.0,11.0,2018,1,1
1284,190,2018-07-09,84.0,17.0,2018,1,1
1285,191,2018-07-10,29.0,3.0,2018,0,0
1286,192,2018-07-11,29.0,4.0,2018,0,0
1287,193,2018-07-12,58.0,5.0,2018,1,1
1288,194,2018-07-13,71.0,15.0,2018,1,1
1289,195,2018-07-14,62.0,4.0,2018,1,1
1290,196,2018-07-15,58.0,7.0,2018,1,1
1291,197,2018-07-16,60.0,12.0,2018,1,1
1292,198,2018-07-17,66.0,7.0,2018,1,1
1293,199,2018-07-18,70.0,4.0,2018,1,1
1294,200,2018-07-19,52.0,9.0,2018,1,1
1295,201,2018-07-20,67.0,8.0,2018,1,1
1296,202,2018-07-21,74.0,12.0,2018,1,1
1297,203,2018-07-22,23.0,3.0,2018,0,0
1298,204,2018-07-23,71.0,13.0,2018,1,1
1299,205,2018-07-24,58.0,13.0,2018,1,1
1300,206,2018-07-25,51.0,5.0,2018,1,1
1301,207,2018-07-26,51.0,4.0,2018,1,1
1302,208,2018-07-27,73.0,4.0,2018,1,1
1303,209,2018-07-28,99.0,3.0,2018,1,1
1304,210,2018-07-29,169.0,2.0,2018,1,1
1305,211,2018-07-30,55.0,12.0,2018,1,1
1306,212,2018-07-31,31.0,1.0,2018,0,0
1307,213,2018-08-01,17.0,1.0,2018,0,0
1308,214,2018-08-02,20.0,1.0,2018,0,0
1309,215,2018-08-03,27.0,3.0,2018,0,0
1310,216,2018-08-04,21.0,3.0,2018,0,0
1311,217,2018-08-05,34.0,3.0,2018,0,0
1312,218,2018-08-06,23.0,4.0,2018,0,0
1313,219,2018-08-07,21.0,1.0,2018,0,0
1314,220,2018-08-08,31.0,7.0,2018,0,0
1315,221,2018-08-09,29.0,2.0,2018,0,0
1316,222,2018-08-10,25.0,2.0,2018,0,0
1317,223,2018-08-11,28.0,4.0,2018,0,0
1318,224,2018-08-12,25.0,3.0,2018,0,0
1319,225,2018-08-13,32.0,1.0,2018,0,0
1320,226,2018-08-14,54.0,5.0,2018,1,0
1321,227,2018-08-15,54.0,10.0,2018,1,0
1322,228,2018-08-16,25.0,5.0,2018,0,0
1323,229,2018-08-17,21.0,2.0,2018,0,0
1324,230,2018-08-18,25.0,2.0,2018,0,0
1325,231,2018-08-19,32.0,4.0,2018,0,0
1326,232,2018-08-20,42.0,7.0,2018,0,0
1327,233,2018-08-21,57.0,5.0,2018,1,0
1328,234,2018-08-22,46.0,12.0,2018,0,0
1329,235,2018-08-23,96.0,12.0,2018,1,0
1330,236,2018-08-24,63.0,11.0,2018,1,0
1331,237,2018-08-25,41.0,3.0,2018,0,0
1332,238,2018-08-26,24.0,1.0,2018,0,0
1333,239,2018-08-27,16.0,1.0,2018,0,0
1334,240,2018-08-28,25.0,4.0,2018,0,0
1335,241,2018-08-29,34.0,2.0,2018,0,0
1336,242,2018-08-30,34.0,2.0,2018,0,0
1337,243,2018-08-31,64.0,6.0,2018,1,1
1338,244,2018-09-01,108.0,4.0,2018,1,1
1339,245,2018-09-02,62.0,6.0,2018,1,1
1340,246,2018-09-03,55.0,1.0,2018,1,1
1341,247,2018-09-04,15.0,1.0,2018,0,0
1342,248,2018-09-05,17.0,1.0,2018,0,0
1343,249,2018-09-06,22.0,1.0,2018,0,0
1344,250,2018-09-07,37.0,4.0,2018,0,0
1345,251,2018-09-08,56.0,11.0,2018,1,0
1346,252,2018-09-09,39.0,12.0,2018,0,0
1347,253,2018-09-10,37.0,11.0,2018,0,0
1348,254,2018-09-11,32.0,11.0,2018,0,0
1349,255,2018-09-12,30.0,3.0,2018,0,0
1350,256,2018-09-13,50.0,23.0,2018,1,0
1351,257,2018-09-14,42.0,9.0,2018,0,0
1352,258,2018-09-15,33.0,5.0,2018,0,0
1353,259,2018-09-16,22.0,5.0,2018,0,0
1354,260,2018-09-17,18.0,4.0,2018,0,0
1355,261,2018-09-18,28.0,7.0,2018,0,0
1356,262,2018-09-19,32.0,6.0,2018,0,0
1357,263,2018-09-20,23.0,2.0,2018,0,0
1358,264,2018-09-21,41.0,2.0,2018,0,0
1359,265,2018-09-22,32.0,2.0,2018,0,0
1360,266,2018-09-23,24.0,5.0,2018,0,0
1361,267,2018-09-24,41.0,3.0,2018,0,0
1362,268,2018-09-25,56.0,7.0,2018,1,0
1363,269,2018-09-26,44.0,13.0,2018,0,0
1364,270,2018-09-27,55.0,1.0,2018,1,0
1365,271,2018-09-28,35.0,8.0,2018,0,0
1366,272,2018-09-29,31.0,2.0,2018,0,0
1367,273,2018-09-30,29.0,9.0,2018,0,0
1368,274,2018-10-01,30.0,8.0,2018,0,0
1369,275,2018-10-02,45.0,8.0,2018,0,0
1370,276,2018-10-03,46.0,7.0,2018,0,0
1371,277,2018-10-04,27.0,3.0,2018,0,0
1372,278,2018-10-05,14.0,2.0,2018,0,0
1373,279,2018-10-06,21.0,1.0,2018,0,0
1374,280,2018-10-07,27.0,4.0,2018,0,0
1375,281,2018-10-08,22.0,4.0,2018,0,0
1376,282,2018-10-09,29.0,1.0,2018,0,0
1377,283,2018-10-10,35.0,2.0,2018,0,0
1378,284,2018-10-11,13.0,3.0,2018,0,0
1379,285,2018-10-12,22.0,0.0,2018,0,0
1380,286,2018-10-13,32.0,2.0,2018,0,0
1381,287,2018-10-14,23.0,1.0,2018,0,0
1382,288,2018-10-15,20.0,2.0,2018,0,0
1383,289,2018-10-16,29.0,3.0,2018,0,0
1384,290,2018-10-17,32.0,5.0,2018,0,0
1385,291,2018-10-18,29.0,1.0,2018,0,0
1386,292,2018-10-19,17.0,0.0,2018,0,0
1387,293,2018-10-20,17.0,2.0,2018,0,0
1388,294,2018-10-21,17.0,1.0,2018,0,0
1389,295,2018-10-22,31.0,1.0,2018,0,0
1390,296,2018-10-23,34.0,11.0,2018,0,0
1391,297,2018-10-24,65.0,2.0,2018,1,0
1392,298,2018-10-25,17.0,1.0,2018,0,0
1393,299,2018-10-26,28.0,3.0,2018,0,0
1394,300,2018-10-27,32.0,1.0,2018,0,0
1395,301,2018-10-28,17.0,0.0,2018,0,0
1396,302,2018-10-29,34.0,1.0,2018,0,0
1397,303,2018-10-30,39.0,2.0,2018,0,0
1398,304,2018-10-31,40.0,5.0,2018,0,0
1399,305,2018-11-01,27.0,4.0,2018,0,0
1400,306,2018-11-02,40.0,6.0,2018,0,0
1401,307,2018-11-03,20.0,0.0,2018,0,0
1402,308,2018-11-04,20.0,1.0,2018,0,0
1403,309,2018-11-05,16.0,1.0,2018,0,0
1404,310,2018-11-06,31.0,1.0,2018,0,0
1405,311,2018-11-07,22.0,2.0,2018,0,0
1406,312,2018-11-08,12.0,1.0,2018,0,0
1407,313,2018-11-09,13.0,2.0,2018,0,0
1408,314,2018-11-10,11.0,1.0,2018,0,0
1409,315,2018-11-11,28.0,1.0,2018,0,0
1410,316,2018-11-12,34.0,3.0,2018,0,0
1411,317,2018-11-13,42.0,3.0,2018,0,0
1412,318,2018-11-14,29.0,4.0,2018,0,0
1413,319,2018-11-15,27.0,3.0,2018,0,0
1414,320,2018-11-16,28.0,4.0,2018,0,0
1415,321,2018-11-17,32.0,2.0,2018,0,0
1416,322,2018-11-18,30.0,3.0,2018,0,0
1417,323,2018-11-19,9.0,1.0,2018,0,0
1418,324,2018-11-20,13.0,1.0,2018,0,0
1419,325,2018-11-21,12.0,1.0,2018,0,0
1420,326,2018-11-22,17.0,1.0,2018,0,0
1421,327,2018-11-23,30.0,2.0,2018,0,0
1422,328,2018-11-24,12.0,1.0,2018,0,0
1423,329,2018-11-25,19.0,1.0,2018,0,0
1424,330,2018-11-26,16.0,1.0,2018,0,0
1425,331,2018-11-27,22.0,2.0,2018,0,0
1426,332,2018-11-28,29.0,1.0,2018,0,0
1427,333,2018-11-29,22.0,5.0,2018,0,0
1428,334,2018-11-30,26.0,7.0,2018,0,0
1429,335,2018-12-01,18.0,0.0,2018,0,0
1430,336,2018-12-02,20.0,2.0,2018,0,0
1431,337,2018-12-03,33.0,2.0,2018,0,0
1432,338,2018-12-04,26.0,2.0,2018,0,0
1433,339,2018-12-05,30.0,5.0,2018,0,0
1434,340,2018-12-06,38.0,3.0,2018,0,0
1435,341,2018-12-07,30.0,2.0,2018,0,0
1436,342,2018-12-08,16.0,1.0,2018,0,0
1437,343,2018-12-09,21.0,0.0,2018,0,0
1438,344,2018-12-10,27.0,5.0,2018,0,0
1439,345,2018-12-11,28.0,7.0,2018,0,0
1440,346,2018-12-12,35.0,4.0,2018,0,0
1441,347,2018-12-13,30.0,3.0,2018,0,0
1442,348,2018-12-14,30.0,3.0,2018,0,0
1443,349,2018-12-15,39.0,2.0,2018,0,0
1444,350,2018-12-16,19.0,5.0,2018,0,0
1445,351,2018-12-17,32.0,5.0,2018,0,0
1446,352,2018-12-18,21.0,3.0,2018,0,0
1447,353,2018-12-19,26.0,0.0,2018,0,0
1448,354,2018-12-20,21.0,4.0,2018,0,0
1449,355,2018-12-21,28.0,5.0,2018,0,0
1450,356,2018-12-22,20.0,3.0,2018,0,0
1451,357,2018-12-23,14.0,2.0,2018,0,0
1452,358,2018-12-24,16.0,3.0,2018,0,0
1453,359,2018-12-25,16.0,0.0,2018,0,0
1454,360,2018-12-26,20.0,1.0,2018,0,0
1455,361,2018-12-27,33.0,1.0,2018,0,0
1456,362,2018-12-28,17.0,4.0,2018,0,0
1457,363,2018-12-29,23.0,2.0,2018,0,0
1458,364,2018-12-30,37.0,1.0,2018,0,0
1459,365,2018-12-31,29.0,1.0,2018,0,0
1460,1,2019-01-01,33.0,4.0,2019,0,0
1461,2,2019-01-02,21.0,1.0,2019,0,0
1462,3,2019-01-03,22.0,1.0,2019,0,0
1463,4,2019-01-04,20.0,0.0,2019,0,0
1464,5,2019-01-05,15.0,3.0,2019,0,0
1465,6,2019-01-06,18.0,1.0,2019,0,0
1466,7,2019-01-07,16.0,2.0,2019,0,0
1467,8,2019-01-08,34.0,4.0,2019,0,0
1468,9,2019-01-09,27.0,3.0,2019,0,0
1469,10,2019-01-10,41.0,4.0,2019,0,0
1470,11,2019-01-11,25.0,4.0,2019,0,0
1471,12,2019-01-12,28.0,6.0,2019,0,0
1472,13,2019-01-13,27.0,5.0,2019,0,0
1473,14,2019-01-14,43.0,10.0,2019,0,0
1474,15,2019-01-15,31.0,5.0,2019,0,0
1475,16,2019-01-16,36.0,2.0,2019,0,0
1476,17,2019-01-17,28.0,5.0,2019,0,0
1477,18,2019-01-18,26.0,5.0,2019,0,0
1478,19,2019-01-19,38.0,4.0,2019,0,0
1479,20,2019-01-20,31.0,4.0,2019,0,0
1480,21,2019-01-21,26.0,2.0,2019,0,0
1481,22,2019-01-22,30.0,1.0,2019,0,0
1482,23,2019-01-23,24.0,6.0,2019,0,0
1483,24,2019-01-24,41.0,1.0,2019,0,0
1484,25,2019-01-25,23.0,1.0,2019,0,0
1485,26,2019-01-26,36.0,1.0,2019,0,0
1486,27,2019-01-27,19.0,1.0,2019,0,0
1487,28,2019-01-28,35.0,2.0,2019,0,0
1488,29,2019-01-29,26.0,3.0,2019,0,0
1489,30,2019-01-30,25.0,7.0,2019,0,0
1490,31,2019-01-31,48.0,4.0,2019,0,0
1491,32,2019-02-01,42.0,2.0,2019,0,0
1492,33,2019-02-02,36.0,5.0,2019,0,0
1493,34,2019-02-03,37.0,4.0,2019,0,0
1494,35,2019-02-04,10.0,0.0,2019,0,0
1495,36,2019-02-05,19.0,1.0,2019,0,0
1496,37,2019-02-06,17.0,0.0,2019,0,0
1497,38,2019-02-07,25.0,2.0,2019,0,0
1498,39,2019-02-08,28.0,4.0,2019,0,0
1499,40,2019-02-09,24.0,5.0,2019,0,0
1500,41,2019-02-10,24.0,3.0,2019,0,0
1501,42,2019-02-11,17.0,4.0,2019,0,0
1502,43,2019-02-12,18.0,1.0,2019,0,0
1503,44,2019-02-13,17.0,1.0,2019,0,0
1504,45,2019-02-14,16.0,1.0,2019,0,0
1505,46,2019-02-15,15.0,1.0,2019,0,0
1506,47,2019-02-16,13.0,0.0,2019,0,0
1507,48,2019-02-17,11.0,1.0,2019,0,0
1508,49,2019-02-18,28.0,1.0,2019,0,0
1509,50,2019-02-19,27.0,2.0,2019,0,0
1510,51,2019-02-20,26.0,2.0,2019,0,0
1511,52,2019-02-21,19.0,1.0,2019,0,0
1512,53,2019-02-22,24.0,2.0,2019,0,0
1513,54,2019-02-23,30.0,2.0,2019,0,0
1514,55,2019-02-24,26.0,3.0,2019,0,0
1515,56,2019-02-25,21.0,2.0,2019,0,0
1516,57,2019-02-26,24.0,0.0,2019,0,0
1517,58,2019-02-27,17.0,0.0,2019,0,0
1518,59,2019-02-28,14.0,1.0,2019,0,0
1519,60,2019-03-01,13.0,1.0,2019,0,0
1520,61,2019-03-02,13.0,1.0,2019,0,0
1521,62,2019-03-03,17.0,2.0,2019,0,0
1522,63,2019-03-04,17.0,1.0,2019,0,0
1523,64,2019-03-05,33.0,4.0,2019,0,0
1524,65,2019-03-06,26.0,2.0,2019,0,0
1525,66,2019-03-07,17.0,2.0,2019,0,0
1526,67,2019-03-08,30.0,3.0,2019,0,0
1527,68,2019-03-09,33.0,4.0,2019,0,0
1528,69,2019-03-10,21.0,0.0,2019,0,0
1529,70,2019-03-11,17.0,1.0,2019,0,0
1530,71,2019-03-12,20.0,1.0,2019,0,0
1531,72,2019-03-13,23.0,4.0,2019,0,0
1532,73,2019-03-14,17.0,1.0,2019,0,0
1533,74,2019-03-15,20.0,6.0,2019,0,0
1534,75,2019-03-16,26.0,2.0,2019,0,0
1535,76,2019-03-17,21.0,2.0,2019,0,0
1536,77,2019-03-18,16.0,4.0,2019,0,0
1537,78,2019-03-19,21.0,2.0,2019,0,0
1538,79,2019-03-20,25.0,2.0,2019,0,0
1539,80,2019-03-21,14.0,2.0,2019,0,0
1540,81,2019-03-22,13.0,2.0,2019,0,0
1541,82,2019-03-23,27.0,1.0,2019,0,0
1542,83,2019-03-24,34.0,3.0,2019,0,0
1543,84,2019-03-25,43.0,6.0,2019,0,0
1544,85,2019-03-26,32.0,7.0,2019,0,0
1545,86,2019-03-27,30.0,5.0,2019,0,0
1546,87,2019-03-28,24.0,5.0,2019,0,0
1547,88,2019-03-29,14.0,1.0,2019,0,0
1548,89,2019-03-30,23.0,0.0,2019,0,0
1549,90,2019-03-31,29.0,2.0,2019,0,0
1550,91,2019-04-01,34.0,5.0,2019,0,0
1551,92,2019-04-02,44.0,3.0,2019,0,0
1552,93,2019-04-03,54.0,8.0,2019,1,1
1553,94,2019-04-04,71.0,14.0,2019,1,1
1554,95,2019-04-05,68.0,5.0,2019,1,1
1555,96,2019-04-06,30.0,2.0,2019,0,0
1556,97,2019-04-07,21.0,1.0,2019,0,0
1557,98,2019-04-08,10.0,2.0,2019,0,0
1558,99,2019-04-09,14.0,1.0,2019,0,0
1559,100,2019-04-10,14.0,2.0,2019,0,0
1560,101,2019-04-11,35.0,1.0,2019,0,0
1561,102,2019-04-12,33.0,6.0,2019,0,0
1562,103,2019-04-13,33.0,6.0,2019,0,0
1563,104,2019-04-14,12.0,2.0,2019,0,0
1564,105,2019-04-15,30.0,1.0,2019,0,0
1565,106,2019-04-16,18.0,4.0,2019,0,0
1566,107,2019-04-17,39.0,3.0,2019,0,0
1567,108,2019-04-18,37.0,4.0,2019,0,0
1568,109,2019-04-19,34.0,1.0,2019,0,0
1569,110,2019-04-20,38.0,3.0,2019,0,0
1570,111,2019-04-21,48.0,7.0,2019,0,0
1571,112,2019-04-22,40.0,7.0,2019,0,0
1572,113,2019-04-23,33.0,5.0,2019,0,0
1573,114,2019-04-24,34.0,1.0,2019,0,0
1574,115,2019-04-25,43.0,2.0,2019,0,0
1575,116,2019-04-26,45.0,6.0,2019,0,0
1576,117,2019-04-27,37.0,4.0,2019,0,0
1577,118,2019-04-28,23.0,1.0,2019,0,0
1578,119,2019-04-29,60.0,13.0,2019,1,0
1579,120,2019-04-30,45.0,10.0,2019,0,0
1580,121,2019-05-01,48.0,8.0,2019,0,0
1581,122,2019-05-02,68.0,19.0,2019,1,1
1582,123,2019-05-03,63.0,15.0,2019,1,1
1583,124,2019-05-04,64.0,14.0,2019,1,1
1584,125,2019-05-05,31.0,2.0,2019,0,0
1585,126,2019-05-06,40.0,10.0,2019,0,0
1586,127,2019-05-07,37.0,3.0,2019,0,0
1587,128,2019-05-08,22.0,2.0,2019,0,0
1588,129,2019-05-09,41.0,0.0,2019,0,0
1589,130,2019-05-10,54.0,9.0,2019,1,0
1590,131,2019-05-11,45.0,13.0,2019,0,0
1591,132,2019-05-12,40.0,10.0,2019,0,0
1592,133,2019-05-13,71.0,4.0,2019,1,0
1593,134,2019-05-14,53.0,3.0,2019,1,0
1594,135,2019-05-15,26.0,1.0,2019,0,0
1595,136,2019-05-16,26.0,1.0,2019,0,0
1596,137,2019-05-17,20.0,2.0,2019,0,0
1597,138,2019-05-18,31.0,2.0,2019,0,0
1598,139,2019-05-19,32.0,1.0,2019,0,0
1599,140,2019-05-20,54.0,5.0,2019,1,1
1600,141,2019-05-21,87.0,9.0,2019,1,1
1601,142,2019-05-22,74.0,5.0,2019,1,1
1602,143,2019-05-23,72.0,11.0,2019,1,1
1603,144,2019-05-24,69.0,2.0,2019,1,1
1604,145,2019-05-25,44.0,1.0,2019,0,0
1605,146,2019-05-26,63.0,0.0,2019,1,1
1606,147,2019-05-27,81.0,2.0,2019,1,1
1607,148,2019-05-28,86.0,10.0,2019,1,1
1608,149,2019-05-29,46.0,11.0,2019,0,0
1609,150,2019-05-30,38.0,12.0,2019,0,0
1610,151,2019-05-31,30.0,13.0,2019,0,0
1611,152,2019-06-01,41.0,15.0,2019,0,0
1612,153,2019-06-02,24.0,2.0,2019,0,0
1613,154,2019-06-03,28.0,7.0,2019,0,0
1614,155,2019-06-04,31.0,3.0,2019,0,0
1615,156,2019-06-05,23.0,2.0,2019,0,0
1616,157,2019-06-06,67.0,1.0,2019,1,0
1617,158,2019-06-07,86.0,9.0,2019,1,0
1618,159,2019-06-08,47.0,13.0,2019,0,0
1619,160,2019-06-09,39.0,7.0,2019,0,0
1620,161,2019-06-10,82.0,5.0,2019,1,1
1621,162,2019-06-11,82.0,6.0,2019,1,1
1622,163,2019-06-12,74.0,2.0,2019,1,1
1623,164,2019-06-13,81.0,6.0,2019,1,1
1624,165,2019-06-14,82.0,5.0,2019,1,1
1625,166,2019-06-15,48.0,9.0,2019,0,0
1626,167,2019-06-16,68.0,15.0,2019,1,1
1627,168,2019-06-17,50.0,4.0,2019,1,1
1628,169,2019-06-18,60.0,5.0,2019,1,1
1629,170,2019-06-19,89.0,17.0,2019,1,1
1630,171,2019-06-20,58.0,17.0,2019,1,1
1631,172,2019-06-21,47.0,0.0,2019,0,0
1632,173,2019-06-22,42.0,6.0,2019,0,0
1633,174,2019-06-23,77.0,5.0,2019,1,0
1634,175,2019-06-24,40.0,7.0,2019,0,0
1635,176,2019-06-25,55.0,8.0,2019,1,1
1636,177,2019-06-26,64.0,9.0,2019,1,1
1637,178,2019-06-27,54.0,17.0,2019,1,1
1638,179,2019-06-28,81.0,8.0,2019,1,1
1639,180,2019-06-29,82.0,4.0,2019,1,1
1640,181,2019-06-30,59.0,6.0,2019,1,1
1641,182,2019-07-01,60.0,9.0,2019,1,1
1642,183,2019-07-02,49.0,10.0,2019,0,0
1643,184,2019-07-03,78.0,17.0,2019,1,0
1644,185,2019-07-04,64.0,6.0,2019,1,0
1645,186,2019-07-05,29.0,2.0,2019,0,0
1646,187,2019-07-06,28.0,1.0,2019,0,0
1647,188,2019-07-07,36.0,0.0,2019,0,0
1648,189,2019-07-08,39.0,0.0,2019,0,0
1649,190,2019-07-09,44.0,3.0,2019,0,0
1650,191,2019-07-10,91.0,6.0,2019,1,1
1651,192,2019-07-11,66.0,2.0,2019,1,1
1652,193,2019-07-12,90.0,4.0,2019,1,1
1653,194,2019-07-13,77.0,19.0,2019,1,1
1654,195,2019-07-14,86.0,12.0,2019,1,1
1655,196,2019-07-15,54.0,21.0,2019,1,1
1656,197,2019-07-16,29.0,6.0,2019,0,0
1657,198,2019-07-17,40.0,2.0,2019,0,0
1658,199,2019-07-18,27.0,1.0,2019,0,0
1659,200,2019-07-19,59.0,2.0,2019,1,0
1660,201,2019-07-20,51.0,2.0,2019,1,0
1661,202,2019-07-21,34.0,1.0,2019,0,0
1662,203,2019-07-22,51.0,3.0,2019,1,1
1663,204,2019-07-23,111.0,3.0,2019,1,1
1664,205,2019-07-24,61.0,7.0,2019,1,1
1665,206,2019-07-25,55.0,9.0,2019,1,1
1666,207,2019-07-26,52.0,5.0,2019,1,1
1667,208,2019-07-27,65.0,8.0,2019,1,1
1668,209,2019-07-28,53.0,10.0,2019,1,1
1669,210,2019-07-29,66.0,14.0,2019,1,1
1670,211,2019-07-30,93.0,5.0,2019,1,1
1671,212,2019-07-31,49.0,12.0,2019,0,0
1672,213,2019-08-01,62.0,4.0,2019,1,0
1673,214,2019-08-02,48.0,3.0,2019,0,0
1674,215,2019-08-03,25.0,0.0,2019,0,0
1675,216,2019-08-04,17.0,3.0,2019,0,0
1676,217,2019-08-05,21.0,1.0,2019,0,0
1677,218,2019-08-06,56.0,2.0,2019,1,1
1678,219,2019-08-07,55.0,1.0,2019,1,1
1679,220,2019-08-08,67.0,5.0,2019,1,1
1680,221,2019-08-09,62.0,3.0,2019,1,1
1681,222,2019-08-10,77.0,6.0,2019,1,1
1682,223,2019-08-11,75.0,21.0,2019,1,1
1683,224,2019-08-12,56.0,8.0,2019,1,1
1684,225,2019-08-13,58.0,7.0,2019,1,1
1685,226,2019-08-14,23.0,3.0,2019,0,0
1686,227,2019-08-15,41.0,1.0,2019,0,0
1687,228,2019-08-16,67.0,4.0,2019,1,1
1688,229,2019-08-17,60.0,6.0,2019,1,1
1689,230,2019-08-18,85.0,10.0,2019,1,1
1690,231,2019-08-19,43.0,2.0,2019,0,0
1691,232,2019-08-20,32.0,0.0,2019,0,0
1692,233,2019-08-21,43.0,3.0,2019,0,0
1693,234,2019-08-22,23.0,3.0,2019,0,0
1694,235,2019-08-23,40.0,3.0,2019,0,0
1695,236,2019-08-24,37.0,4.0,2019,0,0
1696,237,2019-08-25,32.0,0.0,2019,0,0
1697,238,2019-08-26,55.0,3.0,2019,1,0
1698,239,2019-08-27,82.0,8.0,2019,1,0
1699,240,2019-08-28,44.0,2.0,2019,0,0
1700,241,2019-08-29,76.0,9.0,2019,1,1
1701,242,2019-08-30,118.0,8.0,2019,1,1
1702,243,2019-08-31,117.0,8.0,2019,1,1
1703,244,2019-09-01,40.0,2.0,2019,0,0
1704,245,2019-09-02,76.0,2.0,2019,1,1
1705,246,2019-09-03,81.0,2.0,2019,1,1
1706,247,2019-09-04,67.0,0.0,2019,1,1
1707,248,2019-09-05,35.0,2.0,2019,0,0
1708,249,2019-09-06,24.0,0.0,2019,0,0
1709,250,2019-09-07,71.0,2.0,2019,1,0
1710,251,2019-09-08,44.0,12.0,2019,0,0
1711,252,2019-09-09,29.0,16.0,2019,0,0
1712,253,2019-09-10,123.0,13.0,2019,1,1
1713,254,2019-09-11,58.0,21.0,2019,1,1
1714,255,2019-09-12,69.0,7.0,2019,1,1
1715,256,2019-09-13,68.0,27.0,2019,1,1
1716,257,2019-09-14,,,2019,0,0
1717,258,2019-09-15,,,2019,0,0
1718,259,2019-09-16,93.0,26.0,2019,1,1
1719,260,2019-09-17,94.0,29.0,2019,1,1
1720,261,2019-09-18,84.0,32.0,2019,1,1
1721,262,2019-09-19,115.0,31.0,2019,1,1
1722,263,2019-09-20,81.0,32.0,2019,1,1
1723,264,2019-09-21,56.0,3.0,2019,1,1
1724,265,2019-09-22,13.0,2.0,2019,0,0
1725,266,2019-09-23,26.0,3.0,2019,0,0
1726,267,2019-09-24,48.0,3.0,2019,0,0
1727,268,2019-09-25,39.0,7.0,2019,0,0
1728,269,2019-09-26,29.0,6.0,2019,0,0
1729,270,2019-09-27,35.0,1.0,2019,0,0
1730,271,2019-09-28,36.0,2.0,2019,0,0
1731,272,2019-09-29,35.0,0.0,2019,0,0
1732,273,2019-09-30,47.0,3.0,2019,0,0
1733,274,2019-10-01,53.0,9.0,2019,1,1
1734,275,2019-10-02,73.0,17.0,2019,1,1
1735,276,2019-10-03,76.0,9.0,2019,1,1
1736,277,2019-10-04,67.0,7.0,2019,1,1
1737,278,2019-10-05,99.0,7.0,2019,1,1
1738,279,2019-10-06,112.0,2.0,2019,1,1
1739,280,2019-10-07,33.0,2.0,2019,0,0
1740,281,2019-10-08,39.0,2.0,2019,0,0
1741,282,2019-10-09,32.0,1.0,2019,0,0
1742,283,2019-10-10,38.0,2.0,2019,0,0
1743,284,2019-10-11,84.0,3.0,2019,1,0
1744,285,2019-10-12,61.0,7.0,2019,1,0
1745,286,2019-10-13,42.0,6.0,2019,0,0
1746,287,2019-10-14,53.0,10.0,2019,1,0
1747,288,2019-10-15,41.0,8.0,2019,0,0
1748,289,2019-10-16,46.0,2.0,2019,0,0
1749,290,2019-10-17,75.0,5.0,2019,1,0
1750,291,2019-10-18,49.0,20.0,2019,0,0
1751,292,2019-10-19,58.0,3.0,2019,1,0
1752,293,2019-10-20,41.0,1.0,2019,0,0
1753,294,2019-10-21,53.0,10.0,2019,1,1
1754,295,2019-10-22,53.0,8.0,2019,1,1
1755,296,2019-10-23,53.0,1.0,2019,1,1
1756,297,2019-10-24,46.0,4.0,2019,0,0
1757,298,2019-10-25,62.0,7.0,2019,1,0
1758,299,2019-10-26,60.0,10.0,2019,1,0
1759,300,2019-10-27,48.0,2.0,2019,0,0
1760,301,2019-10-28,49.0,2.0,2019,0,0
1761,302,2019-10-29,39.0,8.0,2019,0,0
1762,303,2019-10-30,40.0,4.0,2019,0,0
1763,304,2019-10-31,43.0,7.0,2019,0,0
1764,305,2019-11-01,38.0,5.0,2019,0,0
1765,306,2019-11-02,53.0,5.0,2019,1,1
1766,307,2019-11-03,56.0,9.0,2019,1,1
1767,308,2019-11-04,50.0,3.0,2019,1,1
1768,309,2019-11-05,33.0,2.0,2019,0,0
1769,310,2019-11-06,28.0,2.0,2019,0,0
1770,311,2019-11-07,50.0,2.0,2019,1,0
1771,312,2019-11-08,44.0,7.0,2019,0,0
1772,313,2019-11-09,27.0,2.0,2019,0,0
1773,314,2019-11-10,36.0,1.0,2019,0,0
1774,315,2019-11-11,30.0,1.0,2019,0,0
1775,316,2019-11-12,21.0,1.0,2019,0,0
1776,317,2019-11-13,30.0,0.0,2019,0,0
1777,318,2019-11-14,27.0,5.0,2019,0,0
1778,319,2019-11-15,33.0,3.0,2019,0,0
1779,320,2019-11-16,35.0,7.0,2019,0,0
1780,321,2019-11-17,47.0,1.0,2019,0,0
1781,322,2019-11-18,47.0,12.0,2019,0,0
1782,323,2019-11-19,46.0,2.0,2019,0,0
1783,324,2019-11-20,40.0,0.0,2019,0,0
1784,325,2019-11-21,45.0,2.0,2019,0,0
1785,326,2019-11-22,33.0,1.0,2019,0,0
1786,327,2019-11-23,47.0,2.0,2019,0,0
1787,328,2019-11-24,21.0,2.0,2019,0,0
1788,329,2019-11-25,30.0,4.0,2019,0,0
1789,330,2019-11-26,57.0,4.0,2019,1,0
1790,331,2019-11-27,41.0,4.0,2019,0,0
1791,332,2019-11-28,34.0,1.0,2019,0,0
1792,333,2019-11-29,41.0,3.0,2019,0,0
1793,334,2019-11-30,39.0,6.0,2019,0,0
1794,335,2019-12-01,32.0,1.0,2019,0,0
1795,336,2019-12-02,42.0,3.0,2019,0,0
1796,337,2019-12-03,34.0,3.0,2019,0,0
1797,338,2019-12-04,36.0,5.0,2019,0,0
1798,339,2019-12-05,34.0,1.0,2019,0,0
1799,340,2019-12-06,36.0,1.0,2019,0,0
1800,341,2019-12-07,38.0,1.0,2019,0,0
1801,342,2019-12-08,39.0,1.0,2019,0,0
1802,343,2019-12-09,32.0,7.0,2019,0,0
1803,344,2019-12-10,25.0,3.0,2019,0,0
1804,345,2019-12-11,35.0,1.0,2019,0,0
1805,346,2019-12-12,28.0,0.0,2019,0,0
1806,347,2019-12-13,38.0,4.0,2019,0,0
1807,348,2019-12-14,19.0,1.0,2019,0,0
1808,349,2019-12-15,,,2019,0,0
1809,350,2019-12-16,28.0,5.0,2019,0,0
1810,351,2019-12-17,36.0,7.0,2019,0,0
1811,352,2019-12-18,25.0,0.0,2019,0,0
1812,353,2019-12-19,36.0,1.0,2019,0,0
1813,354,2019-12-20,38.0,3.0,2019,0,0
1814,355,2019-12-21,30.0,2.0,2019,0,0
1815,356,2019-12-22,28.0,3.0,2019,0,0
1816,357,2019-12-23,28.0,0.0,2019,0,0
1817,358,2019-12-24,30.0,1.0,2019,0,0
1818,359,2019-12-25,27.0,1.0,2019,0,0
1819,360,2019-12-26,35.0,5.0,2019,0,0
1820,361,2019-12-27,44.0,6.0,2019,0,0
1821,362,2019-12-28,35.0,4.0,2019,0,0
1822,363,2019-12-29,45.0,6.0,2019,0,0
1823,364,2019-12-30,36.0,7.0,2019,0,0
1824,365,2019-12-31,46.0,4.0,2019,0,0
1825,1,2020-01-01,71.0,2.0,2020,1,0
1826,2,2020-01-02,32.0,1.0,2020,0,0
1827,3,2020-01-03,16.0,0.0,2020,0,0
1828,4,2020-01-04,25.0,0.0,2020,0,0
1829,5,2020-01-05,26.0,1.0,2020,0,0
1830,6,2020-01-06,24.0,1.0,2020,0,0
1831,7,2020-01-07,36.0,4.0,2020,0,0
1832,8,2020-01-08,29.0,1.0,2020,0,0
1833,9,2020-01-09,24.0,0.0,2020,0,0
1834,10,2020-01-10,37.0,1.0,2020,0,0
1835,11,2020-01-11,27.0,2.0,2020,0,0
1836,12,2020-01-12,24.0,0.0,2020,0,0
1837,13,2020-01-13,35.0,3.0,2020,0,0
1838,14,2020-01-14,37.0,0.0,2020,0,0
1839,15,2020-01-15,42.0,3.0,2020,0,0
1840,16,2020-01-16,27.0,1.0,2020,0,0
1841,17,2020-01-17,12.0,1.0,2020,0,0
1842,18,2020-01-18,17.0,1.0,2020,0,0
1843,19,2020-01-19,26.0,1.0,2020,0,0
1844,20,2020-01-20,33.0,1.0,2020,0,0
1845,21,2020-01-21,26.0,2.0,2020,0,0
1846,22,2020-01-22,22.0,3.0,2020,0,0
1847,23,2020-01-23,19.0,3.0,2020,0,0
1848,24,2020-01-24,34.0,1.0,2020,0,0
1849,25,2020-01-25,20.0,2.0,2020,0,0
1850,26,2020-01-26,27.0,2.0,2020,0,0
1851,27,2020-01-27,34.0,3.0,2020,0,0
1852,28,2020-01-28,31.0,4.0,2020,0,0
1853,29,2020-01-29,19.0,1.0,2020,0,0
1854,30,2020-01-30,27.0,1.0,2020,0,0
1855,31,2020-01-31,13.0,1.0,2020,0,0
1856,32,2020-02-01,25.0,1.0,2020,0,0
1857,33,2020-02-02,19.0,3.0,2020,0,0
1858,34,2020-02-03,23.0,1.0,2020,0,0
1859,35,2020-02-04,18.0,1.0,2020,0,0
1860,36,2020-02-05,29.0,1.0,2020,0,0
1861,37,2020-02-06,23.0,2.0,2020,0,0
1862,38,2020-02-07,19.0,0.0,2020,0,0
1863,39,2020-02-08,24.0,1.0,2020,0,0
1864,40,2020-02-09,10.0,0.0,2020,0,0
1865,41,2020-02-10,10.0,0.0,2020,0,0
1866,42,2020-02-11,11.0,0.0,2020,0,0
1867,43,2020-02-12,14.0,1.0,2020,0,0
1868,44,2020-02-13,20.0,2.0,2020,0,0
1869,45,2020-02-14,29.0,2.0,2020,0,0
1870,46,2020-02-15,24.0,0.0,2020,0,0
1871,47,2020-02-16,25.0,3.0,2020,0,0
1872,48,2020-02-17,32.0,3.0,2020,0,0
1873,49,2020-02-18,18.0,2.0,2020,0,0
1874,50,2020-02-19,19.0,3.0,2020,0,0
1875,51,2020-02-20,27.0,3.0,2020,0,0
1876,52,2020-02-21,23.0,4.0,2020,0,0
1877,53,2020-02-22,15.0,0.0,2020,0,0
1878,54,2020-02-23,26.0,0.0,2020,0,0
1879,55,2020-02-24,22.0,2.0,2020,0,0
1880,56,2020-02-25,23.0,2.0,2020,0,0
1881,57,2020-02-26,9.0,1.0,2020,0,0
1882,58,2020-02-27,22.0,1.0,2020,0,0
1883,59,2020-02-28,15.0,3.0,2020,0,0
1884,60,2020-03-01,21.0,0.0,2020,0,0
1885,61,2020-03-02,10.0,1.0,2020,0,0
1886,62,2020-03-03,17.0,0.0,2020,0,0
1887,63,2020-03-04,21.0,3.0,2020,0,0
1888,64,2020-03-05,27.0,2.0,2020,0,0
1889,65,2020-03-06,29.0,2.0,2020,0,0
1890,66,2020-03-07,29.0,1.0,2020,0,0
1891,67,2020-03-08,26.0,2.0,2020,0,0
1892,68,2020-03-09,25.0,3.0,2020,0,0
1893,69,2020-03-10,29.0,3.0,2020,0,0
1894,70,2020-03-11,31.0,7.0,2020,0,0
1895,71,2020-03-12,28.0,6.0,2020,0,0
1896,72,2020-03-13,53.0,11.0,2020,1,0
1897,73,2020-03-14,38.0,2.0,2020,0,0
1898,74,2020-03-15,26.0,4.0,2020,0,0
1899,75,2020-03-16,18.0,1.0,2020,0,0
1900,76,2020-03-17,23.0,3.0,2020,0,0
1901,77,2020-03-18,33.0,7.0,2020,0,0
1902,78,2020-03-19,35.0,3.0,2020,0,0
1903,79,2020-03-20,21.0,1.0,2020,0,0
1904,80,2020-03-21,14.0,3.0,2020,0,0
1905,81,2020-03-22,15.0,1.0,2020,0,0
1906,82,2020-03-23,13.0,0.0,2020,0,0
1907,83,2020-03-24,27.0,1.0,2020,0,0
1908,84,2020-03-25,31.0,1.0,2020,0,0
1909,85,2020-03-26,37.0,4.0,2020,0,0
1910,86,2020-03-27,47.0,2.0,2020,0,0
1911,87,2020-03-28,31.0,3.0,2020,0,0
1912,88,2020-03-29,25.0,4.0,2020,0,0
1913,89,2020-03-30,25.0,5.0,2020,0,0
1914,90,2020-03-31,25.0,3.0,2020,0,0
1915,91,2020-04-01,30.0,3.0,2020,0,0
1916,92,2020-04-02,32.0,5.0,2020,0,0
1917,93,2020-04-03,25.0,3.0,2020,0,0
1918,94,2020-04-04,31.0,1.0,2020,0,0
1919,95,2020-04-05,29.0,1.0,2020,0,0
1920,96,2020-04-06,61.0,5.0,2020,1,0
1921,97,2020-04-07,27.0,2.0,2020,0,0
1922,98,2020-04-08,31.0,2.0,2020,0,0
1923,99,2020-04-09,20.0,3.0,2020,0,0
1924,100,2020-04-10,20.0,2.0,2020,0,0
1925,101,2020-04-11,29.0,5.0,2020,0,0
1926,102,2020-04-12,28.0,2.0,2020,0,0
1927,103,2020-04-13,89.0,2.0,2020,1,0
1928,104,2020-04-14,41.0,8.0,2020,0,0
1929,105,2020-04-15,45.0,3.0,2020,0,0
1930,106,2020-04-16,31.0,7.0,2020,0,0
1931,107,2020-04-17,36.0,4.0,2020,0,0
1932,108,2020-04-18,77.0,4.0,2020,1,0
1933,109,2020-04-19,23.0,1.0,2020,0,0
1934,110,2020-04-20,27.0,3.0,2020,0,0
1935,111,2020-04-21,38.0,1.0,2020,0,0
1936,112,2020-04-22,39.0,9.0,2020,0,0
1937,113,2020-04-23,33.0,9.0,2020,0,0
1938,114,2020-04-24,35.0,9.0,2020,0,0
1939,115,2020-04-25,34.0,8.0,2020,0,0
1940,116,2020-04-26,63.0,9.0,2020,1,0
1941,117,2020-04-27,29.0,7.0,2020,0,0
1942,118,2020-04-28,34.0,4.0,2020,0,0
1943,119,2020-04-29,55.0,4.0,2020,1,1
1944,120,2020-04-30,55.0,10.0,2020,1,1
1945,121,2020-05-01,59.0,11.0,2020,1,1
1946,122,2020-05-02,42.0,9.0,2020,0,0
1947,123,2020-05-03,26.0,3.0,2020,0,0
1948,124,2020-05-04,50.0,2.0,2020,1,0
1949,125,2020-05-05,50.0,15.0,2020,1,0
1950,126,2020-05-06,38.0,14.0,2020,0,0
1951,127,2020-05-07,14.0,2.0,2020,0,0
1952,128,2020-05-08,19.0,1.0,2020,0,0
1953,129,2020-05-09,31.0,1.0,2020,0,0
1954,130,2020-05-10,34.0,2.0,2020,0,0
1955,131,2020-05-11,30.0,6.0,2020,0,0
1956,132,2020-05-12,40.0,5.0,2020,0,0
1957,133,2020-05-13,52.0,7.0,2020,1,0
1958,134,2020-05-14,59.0,2.0,2020,1,0
1959,135,2020-05-15,18.0,1.0,2020,0,0
1960,136,2020-05-16,28.0,3.0,2020,0,0
1961,137,2020-05-17,63.0,7.0,2020,1,0
1962,138,2020-05-18,42.0,8.0,2020,0,0
1963,139,2020-05-19,36.0,6.0,2020,0,0
1964,140,2020-05-20,38.0,2.0,2020,0,0
1965,141,2020-05-21,64.0,15.0,2020,1,0
1966,142,2020-05-22,,,2020,0,0
1967,143,2020-05-23,,,2020,0,0
1968,144,2020-05-24,,,2020,0,0
1969,145,2020-05-25,,,2020,0,0
1970,146,2020-05-26,,,2020,0,0
1971,147,2020-05-27,,,2020,0,0
1972,148,2020-05-28,3.0,3.0,2020,0,0
1973,149,2020-05-29,,,2020,0,0
1974,150,2020-05-30,,,2020,0,0
1975,151,2020-05-31,,,2020,0,0
1976,152,2020-06-01,,,2020,0,0
1977,153,2020-06-02,,,2020,0,0
1978,154,2020-06-03,,,2020,0,0
1979,155,2020-06-04,,,2020,0,0
1980,156,2020-06-05,,,2020,0,0
1981,157,2020-06-06,,,2020,0,0
1982,158,2020-06-07,,,2020,0,0
1983,159,2020-06-08,,,2020,0,0
1984,160,2020-06-09,,,2020,0,0
1985,161,2020-06-10,,,2020,0,0
1986,162,2020-06-11,,,2020,0,0
1987,163,2020-06-12,,,2020,0,0
1988,164,2020-06-13,,,2020,0,0
1989,165,2020-06-14,,,2020,0,0
1990,166,2020-06-15,,,2020,0,0
1991,167,2020-06-16,,,2020,0,0
1992,168,2020-06-17,,,2020,0,0
1993,169,2020-06-18,,,2020,0,0
1994,170,2020-06-19,,,2020,0,0
1995,171,2020-06-20,,,2020,0,0
1996,172,2020-06-21,,,2020,0,0
1997,173,2020-06-22,,,2020,0,0
1998,174,2020-06-23,,,2020,0,0
1999,175,2020-06-24,,,2020,0,0
2000,176,2020-06-25,,,2020,0,0
2001,177,2020-06-26,,,2020,0,0
2002,178,2020-06-27,,,2020,0,0
2003,179,2020-06-28,,,2020,0,0
2004,180,2020-06-29,,,2020,0,0
2005,181,2020-06-30,,,2020,0,0
2006,182,2020-07-01,,,2020,0,0
2007,183,2020-07-02,,,2020,0,0
2008,184,2020-07-03,,,2020,0,0
2009,185,2020-07-04,,,2020,0,0
2010,186,2020-07-05,,,2020,0,0
2011,187,2020-07-06,,,2020,0,0
2012,188,2020-07-07,,,2020,0,0
2013,189,2020-07-08,,,2020,0,0
2014,190,2020-07-09,,,2020,0,0
2015,191,2020-07-10,,,2020,0,0
2016,192,2020-07-11,,,2020,0,0
2017,193,2020-07-12,,,2020,0,0
2018,194,2020-07-13,,,2020,0,0
2019,195,2020-07-14,,,2020,0,0
2020,196,2020-07-15,,,2020,0,0
2021,197,2020-07-16,,,2020,0,0
2022,198,2020-07-17,,,2020,0,0
2023,199,2020-07-18,,,2020,0,0
2024,200,2020-07-19,,,2020,0,0
2025,201,2020-07-20,,,2020,0,0
2026,202,2020-07-21,,,2020,0,0
2027,203,2020-07-22,,,2020,0,0
2028,204,2020-07-23,,,2020,0,0
2029,205,2020-07-24,,,2020,0,0
2030,206,2020-07-25,,,2020,0,0
2031,207,2020-07-26,,,2020,0,0
2032,208,2020-07-27,,,2020,0,0
2033,209,2020-07-28,,,2020,0,0
2034,210,2020-07-29,,,2020,0,0
2035,211,2020-07-30,,,2020,0,0
2036,212,2020-07-31,,,2020,0,0
2037,213,2020-08-01,,,2020,0,0
2038,214,2020-08-02,,,2020,0,0
2039,215,2020-08-03,,,2020,0,0
2040,216,2020-08-04,,,2020,0,0
2041,217,2020-08-05,,,2020,0,0
2042,218,2020-08-06,,,2020,0,0
2043,219,2020-08-07,,,2020,0,0
2044,220,2020-08-08,,,2020,0,0
2045,221,2020-08-09,,,2020,0,0
2046,222,2020-08-10,,,2020,0,0
2047,223,2020-08-11,,,2020,0,0
2048,224,2020-08-12,,,2020,0,0
2049,225,2020-08-13,,,2020,0,0
2050,226,2020-08-14,,,2020,0,0
2051,227,2020-08-15,,,2020,0,0
2052,228,2020-08-16,,,2020,0,0
2053,229,2020-08-17,,,2020,0,0
2054,230,2020-08-18,,,2020,0,0
2055,231,2020-08-19,,,2020,0,0
2056,232,2020-08-20,,,2020,0,0
2057,233,2020-08-21,,,2020,0,0
2058,234,2020-08-22,,,2020,0,0
2059,235,2020-08-23,,,2020,0,0
2060,236,2020-08-24,,,2020,0,0
2061,237,2020-08-25,,,2020,0,0
2062,238,2020-08-26,,,2020,0,0
2063,239,2020-08-27,,,2020,0,0
2064,240,2020-08-28,,,2020,0,0
2065,241,2020-08-29,,,2020,0,0
2066,242,2020-08-30,,,2020,0,0
2067,243,2020-08-31,,,2020,0,0
2068,244,2020-09-01,,,2020,0,0
2069,245,2020-09-02,,,2020,0,0
2070,246,2020-09-03,,,2020,0,0
2071,247,2020-09-04,,,2020,0,0
2072,248,2020-09-05,,,2020,0,0
2073,249,2020-09-06,,,2020,0,0
2074,250,2020-09-07,,,2020,0,0
2075,251,2020-09-08,,,2020,0,0
2076,252,2020-09-09,,,2020,0,0
2077,253,2020-09-10,,,2020,0,0
2078,254,2020-09-11,,,2020,0,0
2079,255,2020-09-12,,,2020,0,0
2080,256,2020-09-13,,,2020,0,0
2081,257,2020-09-14,,,2020,0,0
2082,258,2020-09-15,,,2020,0,0
2083,259,2020-09-16,,,2020,0,0
2084,260,2020-09-17,,,2020,0,0
2085,261,2020-09-18,,,2020,0,0
2086,262,2020-09-19,,,2020,0,0
2087,263,2020-09-20,,,2020,0,0
2088,264,2020-09-21,,,2020,0,0
2089,265,2020-09-22,,,2020,0,0
2090,266,2020-09-23,,,2020,0,0
2091,267,2020-09-24,,,2020,0,0
2092,268,2020-09-25,,,2020,0,0
2093,269,2020-09-26,,,2020,0,0
2094,270,2020-09-27,,,2020,0,0
2095,271,2020-09-28,,,2020,0,0
2096,272,2020-09-29,,,2020,0,0
2097,273,2020-09-30,,,2020,0,0
2098,274,2020-10-01,,,2020,0,0
2099,275,2020-10-02,,,2020,0,0
2100,276,2020-10-03,,,2020,0,0
2101,277,2020-10-04,,,2020,0,0
2102,278,2020-10-05,,,2020,0,0
2103,279,2020-10-06,,,2020,0,0
2104,280,2020-10-07,,,2020,0,0
2105,281,2020-10-08,,,2020,0,0
2106,282,2020-10-09,,,2020,0,0
2107,283,2020-10-10,,,2020,0,0
2108,284,2020-10-11,,,2020,0,0
2109,285,2020-10-12,,,2020,0,0
2110,286,2020-10-13,,,2020,0,0
2111,287,2020-10-14,,,2020,0,0
2112,288,2020-10-15,,,2020,0,0
2113,289,2020-10-16,,,2020,0,0
2114,290,2020-10-17,,,2020,0,0
2115,291,2020-10-18,,,2020,0,0
2116,292,2020-10-19,,,2020,0,0
2117,293,2020-10-20,,,2020,0,0
2118,294,2020-10-21,,,2020,0,0
2119,295,2020-10-22,,,2020,0,0
2120,296,2020-10-23,,,2020,0,0
2121,297,2020-10-24,,,2020,0,0
2122,298,2020-10-25,,,2020,0,0
2123,299,2020-10-26,,,2020,0,0
2124,300,2020-10-27,,,2020,0,0
2125,301,2020-10-28,,,2020,0,0
2126,302,2020-10-29,20.0,10.0,2020,0,0
2127,303,2020-10-30,23.0,3.0,2020,0,0
2128,304,2020-10-31,23.0,1.0,2020,0,0
2129,305,2020-11-01,18.0,0.0,2020,0,0
2130,306,2020-11-02,21.0,0.0,2020,0,0
2131,307,2020-11-03,28.0,0.0,2020,0,0
2132,308,2020-11-04,40.0,0.0,2020,0,0
2133,309,2020-11-05,20.0,2.0,2020,0,0
2134,310,2020-11-06,38.0,0.0,2020,0,0
2135,311,2020-11-07,38.0,2.0,2020,0,0
2136,312,2020-11-08,39.0,1.0,2020,0,0
2137,313,2020-11-09,39.0,10.0,2020,0,0
2138,314,2020-11-10,29.0,1.0,2020,0,0
2139,315,2020-11-11,32.0,2.0,2020,0,0
2140,316,2020-11-12,25.0,5.0,2020,0,0
2141,317,2020-11-13,24.0,3.0,2020,0,0
2142,318,2020-11-14,23.0,5.0,2020,0,0
2143,319,2020-11-15,23.0,2.0,2020,0,0
2144,320,2020-11-16,22.0,4.0,2020,0,0
2145,321,2020-11-17,25.0,3.0,2020,0,0
2146,322,2020-11-18,25.0,0.0,2020,0,0
2147,323,2020-11-19,21.0,0.0,2020,0,0
2148,324,2020-11-20,29.0,0.0,2020,0,0
2149,325,2020-11-21,20.0,0.0,2020,0,0
2150,326,2020-11-22,24.0,0.0,2020,0,0
2151,327,2020-11-23,24.0,1.0,2020,0,0
2152,328,2020-11-24,32.0,1.0,2020,0,0
2153,329,2020-11-25,21.0,1.0,2020,0,0
2154,330,2020-11-26,46.0,2.0,2020,0,0
2155,331,2020-11-27,33.0,2.0,2020,0,0
2156,332,2020-11-28,25.0,4.0,2020,0,0
2157,333,2020-11-29,38.0,3.0,2020,0,0
2158,334,2020-11-30,22.0,3.0,2020,0,0
2159,335,2020-12-01,22.0,1.0,2020,0,0
2160,336,2020-12-02,18.0,1.0,2020,0,0
2161,337,2020-12-03,31.0,2.0,2020,0,0
2162,338,2020-12-04,30.0,1.0,2020,0,0
2163,339,2020-12-05,22.0,2.0,2020,0,0
2164,340,2020-12-06,14.0,1.0,2020,0,0
2165,341,2020-12-07,21.0,0.0,2020,0,0
2166,342,2020-12-08,17.0,0.0,2020,0,0
2167,343,2020-12-09,27.0,0.0,2020,0,0
2168,344,2020-12-10,28.0,3.0,2020,0,0
2169,345,2020-12-11,18.0,3.0,2020,0,0
2170,346,2020-12-12,33.0,0.0,2020,0,0
2171,347,2020-12-13,32.0,1.0,2020,0,0
2172,348,2020-12-14,27.0,0.0,2020,0,0
2173,349,2020-12-15,21.0,0.0,2020,0,0
2174,350,2020-12-16,26.0,0.0,2020,0,0
2175,351,2020-12-17,21.0,0.0,2020,0,0
2176,352,2020-12-18,24.0,1.0,2020,0,0
2177,353,2020-12-19,32.0,0.0,2020,0,0
2178,354,2020-12-20,23.0,3.0,2020,0,0
2179,355,2020-12-21,,,2020,0,0
2180,356,2020-12-22,,,2020,0,0
2181,357,2020-12-23,,,2020,0,0
2182,358,2020-12-24,,,2020,0,0
2183,359,2020-12-25,,,2020,0,0
2184,360,2020-12-26,,,2020,0,0
2185,361,2020-12-27,,,2020,0,0
2186,362,2020-12-28,,,2020,0,0
2187,363,2020-12-29,,,2020,0,0
2188,364,2020-12-30,,,2020,0,0
2189,365,2020-12-31,,,2020,0,0
